:020000040800F2
:10000000F809002001010008AD6700083D4500081F
:10001000A967000889080008AD7300080000000007
:10002000000000000000000000000000356900082A
:10003000D108000800000000F56800088D6900087C
:100040001B0100081B0100081B0100081B01000820
:100050001B0100081B0100081B0100081B01000810
:100060001B0100081B0100081B0100081B01000800
:100070001B0100081B0100081B0100081B010008F0
:100080001B0100081B0100081B0100081B010008E0
:100090001B0100081B0100081B0100081B010008D0
:1000A0001B0100081B0100081B0100081B010008C0
:1000B0001B0100081B010008116A000851450008D7
:1000C0004145000871450008614500081B01000812
:1000D0001B0100088D7300089D7300081B010008B8
:1000E0001B0100081B0100081B010008DFF80CD0F1
:1000F00000F07CFB0048004725930008F809002029
:100100000648804706480047FEE7FEE7FEE7FEE7B1
:10011000FEE7FEE7FEE7FEE7FEE7FEE70D6A000802
:10012000ED00000840EA01039B0703D009E008C97D
:10013000121F08C0042AFAD203E011F8013B00F8AC
:10014000013B521EF9D27047D2B201E000F8012BF8
:10015000491EFBD270470022F6E710B513460A4647
:1001600004461946FFF7F0FF204610BDF0B480EAC0
:100170000102D40F4200B2EB410F02D20246084600
:1001800011464A0042D0C30DDDB2C1F3C752AD1AC9
:10019000202D35DAC1F3160141F4000204B15242B8
:1001A000C5F1200602FA06F12A411044B3EBD05FF4
:1001B00023D0C4B1012DA0EBC35009DCF0BC4FF03B
:1001C000004202EAC352DBB200F5000000F082BA3E
:1001D000400000F1807000EBC350A0F1807040EA55
:1001E000D170490009E0490841EAC071A0EBC35051
:1001F00000F50000400800EBC350F0BC00F061BA0D
:100200006142012202EB4101001BF6E7F0BC70479E
:1002100081F00041AAE780F00040A7E780EA0102F0
:1002200010B502F00043400022D04A001FD0010E5A
:1002300001EB1261C0F35600C2F3560240F4000015
:1002400042F40002A0FB022000047F39140400D015
:10025000401C50EA124001D44000491EC2B20C06B4
:1002600004EBD010401C4008802A02D003E000209C
:1002700010BD20F00100002900DA0020184310BD55
:1002800030B480EA010202F0004530F0004221F073
:10029000004013D090B1C30DD40DC2F31601C0F3CA
:1002A0001600E41A41F4000140F400027D3491424A
:1002B00001D3641C00E04900002C02DA30BC0020AD
:1002C00070474FF400000023914201D3891A034381
:1002D00040084FEA4101F7D151B1914202D14FF0AC
:1002E000004105E002D24FF0010101E06FF0010191
:1002F00003EBC450284430BC00F0E3B92DE9FE4FB5
:10030000804681EA0300C00F0C46009021F00041B6
:1003100023F00045B8EB0200A94105D24046214632
:1003200090461C460B46024623F00040104347D03F
:10033000270DC7F30A00C3F30A510290401A019037
:1003400040286BDAC3F3130040F4801B00989246F8
:1003500020B10023D2EB030A63EB0B0B0198594643
:10036000C0F14002504600F08BF906460D4650465B
:100370005946019A00F093F910EB080061410024FE
:1003800087EA115284EAE7731A4340D0009A62B3B5
:10039000019A012A4FEA075215DC001B61EB0201AA
:1003A0004FF0004202EA0752CDE90042001C41F53D
:1003B000801132462B4600F0CAF903B0BDE8F08F39
:1003C00040462146F9E7001B61EB0201001C41F5A4
:1003D000801300185B412018A2F5001747EB0301BA
:1003E00040EAD570B6196D4111E06D084FEA360646
:1003F00045EAC0754FEA0752001B61EB0201001C81
:1004000041F5801149084FEA300000195141324648
:100410002B4603B0BDE8F04F00F08AB900980122E6
:1004200040000023D0EB020263EBE073009821460A
:100430004FEAE074B8EB000061EB0401E9E783F0F8
:1004400000435BE781F0004158E72DE9FE4F81EA68
:10045000030404F0004421F0004100944FF0000B2D
:1004600023F0004350EA01045ED052EA03045BD05B
:10047000C3F30A54C1F30A552C44A4F2F334019493
:10048000A0FB0254C1F3130141F48011C3F3130321
:1004900043F4801301FB024400FB034E840A970AD5
:1004A00044EA815447EA8357A4FB076802958D0A02
:1004B00005FB07854FEA932C04FB0C542705029D8E
:1004C0004FEA065847EA1637B5EB08056EEB070CFE
:1004D000870E920E47EA811742EA8312A7FB0201B8
:1004E000B6EB0B0164EB00042B0D43EA0C335E18F2
:1004F00044EB1C50DA465146E7FB0201C5F31304F6
:100500004FEA0B3343EA14534FEA0432019C43EAA7
:100510000603A4F10C040294009CCDE900B400F0A1
:1005200016F903B0BDE8F08F00200146F9E7002876
:1005300001DBC0F10040002901DBC1F10041814233
:1005400001D80120704700207047002801DBC0F16E
:100550000040002901DBC1F10041814201D20120AC
:10056000704700207047002801DBC0F100400029DF
:1005700001DBC1F10041814201D30120704700201D
:100580007047002801DBC0F10040002901DBC1F108
:100590000041814201D1012070470020704730B5F1
:1005A000041E71F1000404DB4FF00044404264EB90
:1005B0000101141E73F1000405DB1C464FF00043DB
:1005C000524263EB0403801A994101D3012030BDEC
:1005D000002030BDC10F80EAE0700844CA079623AE
:1005E000002100F077B896230022114600F072B87F
:1005F00000F0004220F00040C10DC0F3160040F4AE
:1006000000007F2901DA00207047962903DCC1F140
:100610009601C84001E096398840002AF4D0404253
:10062000704700F0004230F000400AD0C10D01F5E3
:100630006071C0F3160042EA0151C208400711433D
:10064000704700200146704701F0004330B421F0AC
:10065000004150EA010206D00A0DA2F56072C1F312
:100660001301002A02DC30BC00207047440F44EA2A
:10067000C104C100E01830BC00EBC25000F021B84A
:10068000202A04DB203A00FA02F100207047914052
:10069000C2F1200320FA03F3194390407047202A47
:1006A00006DBCB17203A41FA02F043EAE07306E09A
:1006B00041FA02F3D040C2F12002914008431946AA
:1006C00070470029A8BF7047401C490008BF20F0B0
:1006D0000100704710B4B0FA80FC00FA0CF050EA48
:1006E000010404BF10BC704749B1CCF1200421FAC9
:1006F00004F411FA0CF118BF012121430843A3EBC4
:100700000C01CB1D4FEA00614FEA102042BF0020D0
:1007100010BC704700EBC35010440029A4BF10BCAC
:100720007047401C490008BF20F0010010BC704712
:1007300010B5141E73F1000408DA401C41F10001E9
:1007400092185B411A4301D120F0010010BD2DE940
:10075000F04D92469B4611B1B1FA81F202E0B0FA37
:1007600080F220329046FFF78BFF04460F4640EAA6
:100770000A0041EA0B0153465A46084313D011467A
:1007800053EA010019D0C8F14002504600F040F889
:1007900005460E46504659464246FFF771FF08434C
:1007A00005D0012004E020463946BDE8F08D002048
:1007B000054346EAE0762C4337430A986305E40A8A
:1007C000A0EB08000022FD0A44EA47540A3002D593
:1007D00000200146E9E7010510196941DDE90845F6
:1007E00000196941BDE8F04DA2E70000064C074D35
:1007F00006E0E06840F0010394E8070098471034F1
:10080000AC42F6D3FFF776FCD4A60008F4A60008A5
:10081000202A04DB203A21FA02F00021704721FA55
:1008200002F3D040C2F120029140084319467047BC
:1008300070B58C1810F8015B15F0070301D110F8A2
:10084000013B2A1106D110F8012B03E010F8016BCF
:1008500001F8016B5B1EF9D12B0705D40023521E52
:100860000DD401F8013BFAE710F8013BCB1A921CBA
:1008700003E013F8015B01F8015B521EF9D5A142B8
:10088000D8D3002070BD0000FFE7FEE783B00290E0
:1008900000208DF807000090FFE7009809280DDC84
:1008A000FFE702980099405C9DF8071008448DF816
:1008B0000700FFE7009801300090EEE79DF8070081
:1008C0000299897A401AB0FA80F0400903B0704763
:1008D0007047000081B0EFF3108072B60090FFE720
:1008E000FEE7000083B0019000208DF8030001981E
:1008F00090F8210002280DD0FFE7019804218163C0
:10090000FFE70198002180F82010FFE701208DF813
:100910000B0022E001980068016821F00E010160DF
:1009200001980068016821F0010101600198C16B24
:10093000006C012202FA00F04860FFE701980121F3
:1009400080F82110FFE70198002180F82010FFE7D0
:100950009DF803008DF80B00FFE79DF80B0003B036
:100960007047000080B588B0079000208DF81B000C
:10097000079890F82100022807D0FFE70798042184
:10098000816301208DF81B0077E0079800680168FB
:1009900021F00E01016007980068016821F0010153
:1009A0000160079800680821C4F20201884203D15F
:1009B000FFE70120059047E0079800681C21C4F27A
:1009C0000201884203D1FFE71020049039E0079824
:1009D00000683021C4F20201884204D1FFE74FF4DD
:1009E000807003902AE0079800684421C4F2020155
:1009F000884204D1FFE74FF4805002901BE0079833
:100A000000685821C4F20201884204D1FFE74FF484
:100A1000803001900CE0079800686C21C4F202015C
:100A20004FF08072884208BF4FF480120192FFE7B6
:100A300001980290FFE702980390FFE70398049063
:100A4000FFE704980590FFE705980421C4F202012E
:100A500008600798012180F82110FFE7079800211E
:100A600080F82010FFE70798406B002804D0FFE7CC
:100A70000798416B8847FFE7FFE79DF81B0008B028
:100A800080BD000081B00090009890F8210001B076
:100A90007047000080B584B0039000F0E7F9029041
:100AA0000398019001980130002809D0FFE740F237
:100AB000E610C2F200000078019908440190FFE7B7
:100AC000FFE700F0D3F90299401A0199884201D258
:100AD000FFE7F6E704B080BD90B00F900E910020C4
:100AE0000D900990FFE70E9800680D99C840002806
:100AF00000F08781FFE70D98012101FA00F00C90CA
:100B00000E9800680C9908400B900B980C9988423D
:100B100040F07381FFE70E9840680028059051D09F
:100B2000FFE7059801283AD0FFE7059802283FD053
:100B3000FFE70598032860D0FFE70598112832D019
:100B4000FFE70598122838D0FFE70020C1F2110016
:100B50000599814236D0FFE70020C1F212000599C5
:100B600081422FD0FFE70020C1F221000599814288
:100B700028D0FFE70020C1F222000599814221D050
:100B8000FFE70020C1F23100059981421AD0FFE74A
:100B90000020C1F232000599814213D030E00E9856
:100BA000C06809902DE00E98C0680430099028E0D4
:100BB0000E98C0680830099023E00E98C0680C3089
:100BC00009901EE00E988068002803D1FFE70420FA
:100BD000099011E00E988068012806D1FFE70820EF
:100BE00009900C980F99086105E0082009900C986D
:100BF0000F994861FFE7FFE703E00020099000E05C
:100C0000FFE70B98FF2803D8FFE70F98049003E055
:100C10000F9804300490FFE7049808900B98FF2881
:100C200004D8FFE70D988000039006E00D986FF060
:100C30001F0101EB80000390FFE7039807900898DD
:100C4000006807990F228A409043099A02FA01F13D
:100C50000843089908600E98C079C006002840F142
:100C6000CB80FFE7FFE741F21800C4F20200016801
:100C700041F001010160006800F001000690069853
:100C8000FFE70D9820F003000821C4F2010140584D
:100C90000A900D9800F0030080000F2101FA00F087
:100CA0000A9921EA00000A900F9840F60001C4F268
:100CB0000101884203D1FFE70020029026E00F984F
:100CC00040F60041C4F20101884203D1FFE7012050
:100CD000019018E00F9841F20001C4F2010188422E
:100CE00003D1FFE7022000900AE00F9841F2004193
:100CF000C4F201010422884208BF03220092FFE7E8
:100D000000980190FFE701980290FFE702980D9983
:100D100001F00301890088400A9908430A900A9863
:100D20000D9921F003010822C4F2010288500E98A7
:100D30008079C006002809D5FFE70B9840F20841EA
:100D4000C4F201010A681043086009E00B9840F200
:100D50000841C4F201010A6822EA00000860FFE7C6
:100D60000E9880798006002809D5FFE70B9840F29D
:100D70000C41C4F201010A681043086009E00B98B5
:100D800040F20C41C4F201010A6822EA0000086046
:100D9000FFE70E9880798007002809D5FFE70B98B8
:100DA00040F20441C4F201010A681043086009E0FE
:100DB0000B9840F20441C4F201010A6822EA0000E3
:100DC0000860FFE70E988079C007002809D0FFE788
:100DD0000B9840F20041C4F201010A681043086018
:100DE00009E00B9840F20041C4F201010A6822EACE
:100DF00000000860FFE7FFE7FFE70D9801300D9066
:100E000071E610B07047000082B00A460190ADF85C
:100E1000021001988068BDF80210084204D0FFE774
:100E200001208DF8010003E000208DF80100FFE7AC
:100E30009DF8010002B0704782B013468C460190C5
:100E4000ADF802108DF801209DF80100002805D0B2
:100E5000FFE7BDF802000199086105E0BDF8020056
:100E6000000401990861FFE702B0704740F2F450B6
:100E7000C2F200000068704781B0009001B0704776
:100E800082B013468C4601908DF80310ADF8002017
:100E900002B0704780B58AB009900998006840692F
:100EA0000490099800684068039000200290099817
:100EB00090F83E008DF807009DF81100C00700284B
:100EC00016D0FFE79DF80D00C007002810D0FFE7FF
:100ED000029840F001000290099800686FF4807158
:100EE000416109980068016841F400410160FFE731
:100EF0009DF8110000F002000021B1EB500F10D05E
:100F0000FFE79DF80D00C00700280AD0FFE7029810
:100F100040F002000290099800686FF4007141618E
:100F2000FFE79DF8110000F004000021B1EB900FE5
:100F300051D0FFE79DF80D00C00700284BD0FFE718
:100F40009DF807008DF823000998408D07900998B7
:100F500090F83D008DF81B000998006B05909DF8F6
:100F6000230020281BD1FFE70798002817D1FFE7AF
:100F70009DF81B0021280ED0FFE79DF81B002928B3
:100F800009D0FFE79DF81B00282808D1FFE7059846
:100F9000212804D1FFE7099804F072FD1AE00998AE
:100FA00000686FF480614161029840F00400029093
:100FB0009DF80700102805D0FFE79DF8070040289E
:100FC00007D1FFE709980068016841F400710160EA
:100FD000FFE7FFE7FFE79DF8110000F008000021A0
:100FE000B1EBD00F10D0FFE79DF80D00C00700282F
:100FF0000AD0FFE7029840F00800029009980068C4
:101000006FF400614161FFE70298002809D0FFE713
:10101000029809990A6C10430864099803F08CFB44
:10102000FFE70AB080BD000080B588B007900020BF
:10103000059007980068406804900798C06A03907C
:10104000079890F83E008DF80B00079890F83D0047
:101050008DF80A009DF80B00102806D0FFE79DF8D8
:101060000B00402840F00381FFE707980068806983
:10107000059007980068406906900698C007002808
:1010800015D1FFE703980121B0F52A0F019108D08F
:10109000FFE7039800F1AC40B0FA80F040090190FE
:1010A000FFE70198C007002801D0FFE7A4E10698F8
:1010B000C007002810D0FFE79DF8110000F00200E3
:1010C0000021B1EB500F07D0FFE7079803F058FA63
:1010D000079804F017F9C9E09DF8180000F008001F
:1010E0000021B1EBD00F0DD0FFE79DF8110000F00B
:1010F00002000021B1EB500F04D0FFE7079803F086
:1011000029FFB2E09DF8180000F002000021B1EBC9
:10111000500F0DD0FFE79DF8110000F002000021F4
:10112000B1EB500F04D0FFE7079803F03BFF9BE0C3
:101130009DF8140000F004000021B1EB900F50D096
:10114000FFE707980068406800F40060B0F5006FA2
:1011500046D0FFE79DF818000021B1EBD01F16D054
:10116000FFE79DF8110000F004000021B1EB900FA3
:101170000DD0FFE79DF8180000F004000021B1EB4E
:10118000900F04D1FFE7079803F044FE27E09DF895
:10119000180000F004000021B1EB900F1DD0FFE714
:1011A0009DF8110000F002000021B1EB500F14D0A7
:1011B000FFE79DF80A00212804D1FFE7079803F014
:1011C000B9FD09E09DF80B00402804D1FFE707981E
:1011D00004F016F9FFE7FFE700E0FFE7FFE7FFE7AE
:1011E00041E007980068406800F40060B0F5006FC7
:1011F00038D0FFE79DF8180000F040000021B1EB67
:10120000901F16D0FFE79DF8110000F004000021A8
:10121000B1EB900F0DD0FFE79DF8180000F004002F
:101220000021B1EB900F04D1FFE7079803F0CCFC4D
:1012300017E09DF8180000F004000021B1EB900FBA
:101240000DD0FFE79DF8110000F002000021B1EB86
:10125000500F04D0FFE7079803F0E0FB00E0FFE742
:10126000FFE7FFE7FFE7FFE7FFE7FFE7C4E00798D7
:10127000006C002805D0FFE70798006840690690D9
:1012800008E0079800688069059007980068406941
:101290000690FFE79DF8180000F002000021B1EB76
:1012A000500F18D0FFE79DF8110000F00200002158
:1012B000B1EB500F0FD0FFE70798006C002805D066
:1012C000FFE70798006880690590FFE70798059990
:1012D00004F07EFB8FE09DF8180000F01000002164
:1012E000B1EB101F0DD0FFE79DF8110000F00200D8
:1012F0000021B1EB500F04D0FFE7079804F032FC57
:1013000078E09DF80A00212805D0FFE79DF80A0043
:10131000292836D1FFE79DF818000021B1EBD01F36
:1013200016D0FFE79DF8110000F004000021B1EB9A
:10133000900F0DD0FFE79DF8180000F00400002189
:10134000B1EB900F04D1FFE7079804F009FB17E019
:101350009DF8180000F004000021B1EB900F0DD0B3
:10136000FFE79DF8110000F002000021B1EB500FE3
:1013700004D0FFE7079804F0DBFA00E0FFE7FFE79F
:1013800037E09DF8180000F040000021B1EB901FFD
:1013900016D0FFE79DF8110000F004000021B1EB2A
:1013A000900F0DD0FFE79DF8180000F00400002119
:1013B000B1EB900F04D1FFE7079804F07FFA17E034
:1013C0009DF8180000F004000021B1EB900F0DD043
:1013D000FFE79DF8110000F002000021B1EB500F73
:1013E00004D0FFE7079804F051FA00E0FFE7FFE7B9
:1013F000FFE7FFE7FFE7FFE708B080BD81B000909F
:1014000001B0704780B58EB00C900C98002804D1C4
:10141000FFE701208DF837004DE10C9890F83D0072
:10142000002808D1FFE70C98002180F83C100C98A8
:1014300000F0F4FCFFE70C98242180F83D100C9894
:101440000068016821F0010101600C9800680168E2
:1014500041F4004101600C980068016821F40041EA
:10146000016000F087FF0A900C98406848F2A06184
:10147000C0F2010188420BD8FFE70A9848F2804188
:10148000C0F21E010022884238BF012209920AE000
:101490000A9840F60011C0F23D010022884238BF90
:1014A00001220992FFE70998012804D1FFE70120F2
:1014B0008DF83700FFE00A984DF68361C4F21B31C6
:1014C000A0FB0101890C0B910C990968496821F076
:1014D0003F010B9A11430C9A126851600C990968EC
:1014E000096A21F03F010C9A526848F2A063C0F2E9
:1014F00001039A42089104D8FFE70B980130079046
:101500000EE00B984FF49671484344F6D351C1F264
:101510006201A0FB0101012202EB91110791FFE79B
:101520000798089908430C9A126810620C98006892
:10153000C0694CF6FF7290430C9A526848F2A0635F
:10154000C0F201039A4206901FD8FFE70A980138BB
:101550000C9949684900B0FBF1F001306FF31F307E
:10156000032803D8FFE7042005900BE00A98013810
:101570000C9949684900B0FBF1F001306FF31F305E
:101580000590FFE7059804904FE00C9880680028CC
:101590000DD1FFE70A9801380C99496801EB410128
:1015A000B0FBF1F001306FF31F3003900DE00A98AB
:1015B00001380C99496819225143B0FBF1F0013010
:1015C000042161F31F300390FFE703980005002812
:1015D00003D1FFE70120029024E00C9880680028E6
:1015E0000DD1FFE70A9801380C99496801EB4101D8
:1015F000B0FBF1F001306FF31F3001900DE00A985D
:1016000001380C99496819225143B0FBF1F00130BF
:10161000042161F31F300190FFE7019840F400407E
:101620000290FFE702980490FFE7049806990843A8
:101630000C9A1268D0610C980068006820F0C00015
:101640000C9A1368D2F81CC0126A42EA0C021043CA
:1016500018600C980068806848F2FF3290430C9A3A
:101660001368D2F80CC0126942EA0C021043986069
:101670000C980068C06820F0FF000C9A1368D2F83C
:1016800014C0926942EA0C021043D8600C980068BA
:10169000026842F0010202600C98002202640C9879
:1016A000202380F83D300C9802630C9880F83E208F
:1016B0008DF83720FFE79DF837000EB080BD0000A1
:1016C00081B0009001B0704781B0009001B07047C8
:1016D00081B0009001B0704781B0009001B07047B8
:1016E00081B0009001B07047F0B595B0DDF870C0E2
:1016F000DDF86CE01A9C1D4616460F460F90ADF8BB
:101700003A10ADF83820ADF83630ADF834E00020AE
:101710000C90CDF818C00594049503960297FFF736
:10172000A5FB0B900F9890F83D00202840F05582C3
:10173000FFE70F980B996A4611600221C0F2100171
:101740000122192304F094FB002804D0FFE70220B3
:101750008DF8430045E2FFE70F9890F83C00012820
:1017600004D1FFE702208DF843003AE20F980121EF
:1017700080F83C10FFE7FFE70F9800680068C0079B
:10178000002807D1FFE70F980068016841F00101C8
:101790000160FFE70F980068016821F400610160B3
:1017A0000F98222180F83D100F98402180F83E10BC
:1017B0000F98002101641A980F994862BDF834000F
:1017C0000F9948850F98408D0F9908850F98002133
:1017D000CFF6FF71C1620F98BDF83A10BDF83820FE
:1017E000BDF83630DDF870C0DDF82CE06C46C4F88A
:1017F00004E0C4F800C003F09BFE002804D0FFE71B
:1018000001208DF84300ECE10F98008D002814D1E1
:10181000FFE7FFE700200A900F98006840690A90F0
:101820000F98006880690A900A98FFE70F9800688F
:10183000016841F4007101605DE00F98008D01289E
:101840001FD1FFE70F980068016821F480610160F3
:10185000EFF3108072B61190FFE7002009900F9807
:101860000068406909900F9800688069099009989C
:10187000FFE70F980068016841F40071016062B6EB
:1018800038E00F98008D02281FD1FFE70F980068FD
:10189000016841F400610160EFF3108072B61290AC
:1018A000FFE7002008900F980068406908900F98A3
:1018B0000068806908900898FFE70F980068016841
:1018C00021F48061016062B613E00F98006801683E
:1018D00041F480610160FFE7002007900F980068E5
:1018E000406907900F980068806907900798FFE7A4
:1018F000FFE7FFE7FFE7FFE70F98008D002800F004
:101900005A81FFE70F98008D032800F20B81FFE753
:101910000F98008D01281FD1FFE70F981C990B9A93
:1019200004F0D8FB002804D0FFE701208DF8430025
:1019300057E10F98006800690F99496A08700F987D
:10194000416A013141620F98018D013901850F987B
:10195000418D01394185E4E00F98008D022842D184
:10196000FFE70F981C9B0B996A4611600421C0F297
:101970000101002204F07CFA002804D0FFE70120D6
:101980008DF843002DE1EFF3108072B613900F989D
:101990000068016841F4007101600F9800680069F7
:1019A0000F99496A08700F98416A013141620F9896
:1019B000018D013901850F98418D0139418562B64C
:1019C0000F98006800690F99496A08700F98416A7A
:1019D000013141620F98018D013901850F98418DC8
:1019E000013941859CE00F981C9B0B996A46116058
:1019F0000421C0F20101002204F03AFA002804D0C8
:101A0000FFE701208DF84300EBE00F9800680168C4
:101A100021F480610160EFF3108072B614900F988A
:101A2000006800690F99496A08700F98416A01318E
:101A300041620F98018D013901850F98418D01395F
:101A4000418540F20400C2F20000006848F21F51D4
:101A5000C5F2EB11A0FB0101C90844F6D352C1F253
:101A60006202A1FB0212920923235A430C92FFE760
:101A70000C9801380C900C9800281AD1FFE70F98A9
:101A8000002101630F98202280F83D200F9880F8F4
:101A90003E100F98016C41F02001016462B6FFE72F
:101AA0000F98002180F83C10FFE701208DF84300DB
:101AB00097E0FFE70F980068406900F004000021FC
:101AC000B1EB900FD4D0FFE70F980068016841F4A4
:101AD000007101600F98006800690F99496A0870E9
:101AE0000F98416A013141620F98018D01390185DA
:101AF0000F98418D0139418562B60F9800680069E1
:101B00000F99496A08700F98416A013141620F9834
:101B1000018D013901850F98418D01394185FFE71C
:101B2000FFE747E00F981C990B9A04F0D3FA0028BE
:101B300004D0FFE701208DF8430052E00F980068C1
:101B400000690F99496A08700F98416A0131416232
:101B50000F98018D013901850F98418D013941851B
:101B60000F980068406900F004000121B1EB900F6C
:101B70001FD1FFE70F98008D032807D1FFE70F98CB
:101B80000068016821F480610160FFE70F98006838
:101B900000690F99496A08700F98416A01314162E2
:101BA0000F98018D013901850F98418D01394185CB
:101BB000FFE7FFE7A0E60F98202180F83D100F987F
:101BC000002180F83E10FFE70F98002180F83C10BC
:101BD000FFE700208DF8430003E002208DF843006A
:101BE000FFE79DF8430015B0F0BD0000F0B58DB0E3
:101BF000DDF850C0DDF84CE0129C1D4616460F463D
:101C00000B90ADF82A10ADF82820ADF82630ADF8CD
:101C100024E0CDF81CC00694059504960397FFF7C1
:101C200025F908900B9890F83D00202840F0ED80B1
:101C3000FFE70B9808996A4611600221C0F2100173
:101C40000122192304F014F9002804D0FFE7022030
:101C50008DF83300DDE0FFE70B9890F83C00012899
:101C600004D1FFE702208DF83300D2E00B98012168
:101C700080F83C10FFE7FFE70B9800680068C0079A
:101C8000002807D1FFE70B980068016841F00101C7
:101C90000160FFE70B980068016821F400610160B2
:101CA0000B98212180F83D100B98402180F83E10C0
:101CB0000B980021016412980B994862BDF824002A
:101CC0000B9948850B98408D0B9908850B9800213E
:101CD000CFF6FF71C1620B98BDF82A10BDF828201D
:101CE000BDF82630DDF850C0DDF820E06C46C4F8C1
:101CF00004E0C4F800C003F01DFD002804D0FFE795
:101D000001208DF8330084E0FFE70B98008D002858
:101D10004BD0FFE70B981499089A04F089FA002831
:101D200010D0FFE70B98006C042807D1FFE70B9851
:101D30000068016841F400710160FFE701208DF83F
:101D4000330066E00B980168406A007808610B98E0
:101D5000416A013141620B98018D013901850B986F
:101D6000418D013941850B980068406900F00400FD
:101D70000121B1EB900F17D1FFE70B98008D0028E0
:101D800012D0FFE70B980168406A007808610B9851
:101D9000416A013141620B98018D013901850B982F
:101DA000418D01394185FFE7AFE70B981499089AF7
:101DB00004F004F8002810D0FFE70B98006C04280A
:101DC00007D1FFE70B980068016841F400710160DA
:101DD000FFE701208DF833001BE00B9800680168D5
:101DE00041F4007101600B98202180F83D100B98A0
:101DF000002180F83E10FFE70B98002180F83C108E
:101E0000FFE700208DF8330003E002208DF8330057
:101E1000FFE79DF833000DB0F0BD000080B590B035
:101E20000F9000200E900D900C900B900F98006872
:101E300045F20041C4F20001884251D1FFE7FFE7BB
:101E400041F21800C4F20200016841F0080101608B
:101E5000006800F008000A900A98FFE74FF440700D
:101E60000B9012200C9003200E9040F60040C4F21C
:101E700001000BA9FEF730FEFFE70420C4F20100C9
:101E800001680991099941F0E0610991099941F0CE
:101E90000201099109990160FFE7FFE741F21C0087
:101EA000C4F20200016841F400110160006800F40E
:101EB000001008900898FFE71F200021059004916A
:101EC000049A00F0FDF8059800F0EEF82020039049
:101ED0000499049A00F0F4F8039800F0E5F849E05A
:101EE0000F98006845F60001C4F20001884240D115
:101EF000FFE7FFE741F21800C4F20200016841F079
:101F000008010160006800F0080007900798FFE7EB
:101F10004FF440600B9012200C9003200E9040F67E
:101F20000040C4F201000BA9FEF7D6FDFFE741F225
:101F30001C00C4F20200016841F4800101600068E5
:101F400000F4800006900698FFE72120002102900F
:101F50000191019A00F0B4F8029800F0A5F822204F
:101F600000900199019A00F0ABF8009800F09CF8FD
:101F7000FFE7FFE710B080BD81B0009001B070476F
:101F800081B0009001B0704740F2E610C2F200004C
:101F9000007840F2F451C2F200010A68104408606F
:101FA0007047000080B582B042F20000C4F2020027
:101FB000016841F010010160032000F0A1F80F203A
:101FC00000F006F8019000F03DF8002002B080BD5E
:101FD00080B582B0009040F20400C2F200000068B8
:101FE00040F2E611C2F2000109784FF47A72B2FBB6
:101FF000F1F1B0FBF1F000F087FD002804D0FFE71D
:1020000001208DF8070018E000980F280DD8FFE791
:1020100000994FF0FF30002200F052F8009840F293
:10202000E811C2F20001086003E001208DF807000A
:1020300003E000208DF80700FFE79DF8070002B0DD
:1020400080BD000083B0FFE741F21800C4F2020037
:10205000016841F001010160006800F00100029098
:102060000298FFE7FFE741F21C00C4F2020001689A
:1020700041F080510160006800F0805001900198AB
:10208000FFE7FFE70420C4F2010001680091009916
:1020900021F0E0610091009941F0007100910099F8
:1020A0000160FFE703B0704780B582B001468DF84C
:1020B00007009DF90700009105F07AF902B080BD94
:1020C00080B588B003468DF81F0006910592002068
:1020D0000490039305F086F904909DF91F0004997C
:1020E000069A059B0290084611461A4604F060FBCA
:1020F000029901900846019905F07CF908B080BD6D
:1021000080B582B00190019805F096F902B080BDCB
:1021100080B584B0029001910298002804D1FFE7B5
:1021200001208DF80F001BE1019842F20001C4F27A
:102130000201096801F00701884216D9FFE742F25F
:102140000000C4F20200016821F00701019A114366
:102150000160006800F007000199884204D0FFE7A1
:1021600001208DF80F00FBE0FFE702980078800760
:1021700000282AD5FFE7029800784007002809D5F3
:10218000FFE741F20400C4F20200016841F4E0619B
:102190000160FFE7029800780007002809D5FFE7F3
:1021A00041F20400C4F20200016841F46051016090
:1021B000FFE741F20400C4F20200016821F0F001DF
:1021C000029A926811430160FFE702980078C00705
:1021D000002860D0FFE70298406801280ED1FFE791
:1021E00041F20000C4F2020000688003002804D419
:1021F000FFE701208DF80F00B2E021E0029840686F
:1022000002280ED1FFE741F20000C4F2020000688C
:102210008001002804D4FFE701208DF80F009FE023
:102220000DE041F20000C4F20200006880070028BF
:1022300004D4FFE701208DF80F0091E0FFE7FFE7EE
:1022400041F20400C4F20200016821F00301029A85
:10225000526811430160FEF709FE0090FFE741F26A
:102260000400C4F20200006800F00C000299496802
:10227000B0EB810F0ED0FFE7FEF7F8FD0099401A92
:1022800041F28931884204D3FFE703208DF80F0023
:1022900066E0E4E7FFE7019842F20001C4F20201C0
:1022A000096801F00701884216D2FFE742F20000F8
:1022B000C4F20200016821F00701019A1143016094
:1022C000006800F007000199884204D0FFE7012070
:1022D0008DF80F0044E0FFE70298007840070028DF
:1022E0000CD5FFE741F20400C4F20200016821F4BA
:1022F000E061029AD26811430160FFE7029800781A
:10230000000700280DD5FFE741F20400C4F20200E7
:10231000016821F46051029A126941EAC201016028
:10232000FFE700F04BF841F20401C4F20201096832
:10233000C9B209094AF2AA62C0F60002515CC8405B
:1023400040F20401C2F20001086040F2E810C2F25B
:1023500000000068FFF73CFE00218DF80F10FFE73A
:102360009DF80F0004B080BD40F20400C2F20000EE
:102370000068704780B5FFF7F7FF41F20401C4F22F
:1023800002010968C1F302214AF2BA62C0F60002F2
:10239000515CC84080BD000080B5FFF7E5FF41F209
:1023A0000401C4F202010968C1F3C2214AF2BA620F
:1023B000C0F60002515CC84080BD000086B000201D
:1023C0000590049003900290019041F20400C4F241
:1023D000020000680590059800F00C0001460028F6
:1023E000009140D0FFE70098042804D0FFE7009850
:1023F000082806D038E041F20020C0F27A000190AF
:1024000038E00598C0F383404AF2C261C0F600018B
:10241000085C02909DF81600C007002818D0FFE75E
:1024200041F20400C4F202000068C0F340404AF2E6
:10243000D261C0F60001085C0490029841F20021CC
:10244000C0F27A0148430499B0FBF1F0039007E031
:10245000029840F60011C0F23D0148430390FFE7A7
:102460000398019006E0FFE741F20020C0F27A00F5
:102470000190FFE7019806B07047000080B586B074
:1024800004900498002804D1FFE701208DF817007C
:1024900035E304980078C007002800F0B180FFE71A
:1024A00041F20400C4F20200006800F00C000428AD
:1024B00013D0FFE741F20400C4F20200006800F00C
:1024C0000C0008281CD1FFE741F20400C4F202000E
:1024D0000068C003002813D5FFE741F20000C4F2F2
:1024E000020000688003002809D5FFE704984068CF
:1024F000002804D1FFE701208DF81700FFE27EE0FD
:10250000FFE704984068B0F5803F09D1FFE741F24A
:102510000000C4F20200016841F48031016033E040
:102520000498406800280DD1FFE741F20000C4F292
:102530000200016821F480310160016821F48021EA
:10254000016020E004984068B0F5A02F0DD1FFE7AE
:1025500041F20000C4F20200016841F480210160F0
:10256000016841F4803101600CE041F20000C4F2E6
:102570000200016821F480310160016821F48021AA
:102580000160FFE7FFE7FFE7FFE7049840680028E6
:102590001AD0FFE7FEF76AFC0390FFE741F2000064
:1025A000C4F202000068800300280CD4FFE7FEF7A5
:1025B0005DFC0399401A652804D3FFE703208DF8DA
:1025C00017009CE2EAE719E0FEF750FC0390FFE7F2
:1025D00041F20000C4F202000068800300280CD51C
:1025E000FFE7FEF743FC0399401A652804D3FFE791
:1025F00003208DF8170082E2EAE7FFE7FFE7FFE735
:10260000049800788007002840F18E80FFE741F2AF
:102610000400C4F20200006810F00C0F13D0FFE7B2
:1026200041F20400C4F20200006800F00C00082827
:1026300029D1FFE741F20400C4F202000068C003A0
:10264000002820D4FFE741F20000C4F20200006835
:102650008007002809D5FFE704980069012804D005
:10266000FFE701208DF8170049E241F20000C4F2B3
:102670000200016821F0F801049A526941EAC2019E
:102680000160FFE74FE00498006900282BD0FFE7C6
:102690000020C4F2422001210160FEF7E7FB039015
:1026A000FFE741F20000C4F2020000688007002842
:1026B0000CD4FFE7FEF7DAFB0399401A032804D392
:1026C000FFE703208DF8170019E2EAE741F2000066
:1026D000C4F20200016821F0F801049A526941EA4B
:1026E000C20101601EE00020C4F24220002101600E
:1026F000FEF7BCFB0390FFE741F20000C4F20200CA
:102700000068800700280CD5FFE7FEF7AFFB0399B0
:10271000401A032804D3FFE703208DF81700EEE1E9
:10272000EAE7FFE7FFE7FFE70498007800070028E3
:1027300049D5FFE704988069002823D0FFE740F2DD
:102740008040C4F2422001210160FEF78FFB03901C
:10275000FFE741F22400C4F202000068800700286D
:102760000CD4FFE7FEF782FB0399401A032804D339
:10277000FFE703208DF81700C1E1EAE7012004F02C
:10278000BBF81FE040F28040C4F24220002101600B
:10279000FEF76CFB0390FFE741F22400C4F2020055
:1027A0000068800700280CD5FFE7FEF75FFB039960
:1027B000401A032804D3FFE703208DF817009EE199
:1027C000EAE7FFE7FFE7049800784007002840F1B8
:1027D000DA80FFE700208DF8070041F21C00C4F208
:1027E00002000068C000002813D4FFE7FFE741F2B1
:1027F0001C00C4F20200016841F0805101600068D1
:1028000000F0805000900098FFE701208DF807004D
:10281000FFE747F20000C4F200000068C00500288E
:1028200022D4FFE747F20000C4F20000016841F43F
:1028300080710160FEF71AFB0390FFE747F200008A
:10284000C4F200000068C00500280CD4FFE7FEF7C2
:102850000DFB0399401A652804D3FFE703208DF888
:1028600017004CE1EAE7FFE7FFE70498C06801289A
:1028700009D1FFE741F22000C4F20200016841F0F3
:102880000101016032E00498C06800280DD1FFE723
:1028900041F22000C4F20200016821F00101016050
:1028A000016821F0040101601FE00498C068052858
:1028B0000DD1FFE741F22000C4F20200016841F0AF
:1028C00004010160016841F0010101600CE041F286
:1028D0002000C4F20200016821F0010101600168DA
:1028E00021F004010160FFE7FFE7FFE7FFE704983D
:1028F000C06800281CD0FFE7FEF7B8FA0390FFE796
:1029000041F22000C4F202000068800700280ED4C3
:10291000FFE7FEF7ABFA0399401A41F2893188428A
:1029200004D3FFE703208DF81700E8E0E8E71BE099
:10293000FEF79CFA0390FFE741F22000C4F2020088
:102940000068800700280ED5FFE7FEF78FFA03998D
:10295000401A41F28931884204D3FFE703208DF801
:102960001700CCE0E8E7FFE79DF80700012809D150
:10297000FFE741F21C00C4F20200016821F080511F
:102980000160FFE7FFE70498C069002800F0B3800A
:10299000FFE741F20400C4F20200006800F00C00FE
:1029A000082800F08280FFE70498C06902285CD103
:1029B000FFE76020C4F2422000210160FEF756FAD2
:1029C0000390FFE741F20000C4F2020000688001BA
:1029D00000280CD5FFE7FEF749FA0399401A0328AF
:1029E00004D3FFE703208DF8170088E0EAE7049896
:1029F000006AB0F5803F0CD1FFE741F20400C4F259
:102A00000200016821F40031049A926811430160C8
:102A1000FFE741F20400C4F20200016821F47411DE
:102A2000049A136A526A1A43114301606020C4F287
:102A3000422001210160FEF719FA0390FFE741F2FD
:102A40000000C4F202000068800100280CD4FFE7F7
:102A5000FEF70CFA0399401A032804D3FFE703207A
:102A60008DF817004BE0EAE71EE06020C4F2422038
:102A700000210160FEF7FAF90390FFE741F2000040
:102A8000C4F202000068800100280CD5FFE7FEF7C1
:102A9000EDF90399401A032804D3FFE703208DF8CA
:102AA00017002CE0EAE7FFE724E00498C06901285A
:102AB00004D1FFE701208DF8170020E041F2040067
:102AC000C4F2020000680290029800F48030049979
:102AD000096A884208D1FFE7029800F4701004994F
:102AE000496A884204D0FFE701208DF8170006E00C
:102AF000FFE7FFE7FFE700208DF81700FFE79DF8ED
:102B0000170006B080BD000080B582B0019001982A
:102B100003F012FF02B080BD81B0009001B0704799
:102B200081B0009001B0704785B003900291FFE73B
:102B3000039890F83C00012804D1FFE702208DF8AB
:102B400013005BE00398012180F83C10FFE7FFE7EA
:102B50000398022180F83D100398006840680190B6
:102B60000398006880680090019820F07000019040
:102B70000298006801990843019001980399096837
:102B800048600398006842F60041C4F2010188429F
:102B900018D0FFE703980068B0F1804F12D0FFE72C
:102BA0000398006840F20041C4F20001884209D055
:102BB000FFE70398006840F60001C4F20001884274
:102BC0000ED1FFE7009820F0800000900298406846
:102BD0000099084300900098039909688860FFE70E
:102BE0000398012180F83D10FFE70398002180F849
:102BF0003C10FFE700208DF81300FFE79DF813005D
:102C000005B0704780B584B002900298002804D1C6
:102C1000FFE701208DF80F0043E0029890F83D0097
:102C2000002808D1FFE70298002180F83C100298A4
:102C300000F03CF8FFE70298022180F83D1002986E
:102C400050F8041B01900846019903F0E9FE029830
:102C5000012180F84610FFE70298012180F83E101C
:102C6000029880F83F10029880F84010029880F88F
:102C70004110FFE7FFE70298012180F84210029817
:102C800080F84310029880F84410029880F84510AC
:102C9000FFE70298012180F83D1000208DF80F0019
:102CA000FFE79DF80F0004B080BD000080B584B040
:102CB00003900398006840F60001C4F200018842C6
:102CC0001AD1FFE7FFE741F21C00C4F202000168DD
:102CD00041F004010160006800F0040002900298D5
:102CE000FFE71E20002101900091009AFFF7E8F90C
:102CF0000198FFF7D9F9FFE704B080BD83B00190D8
:102D0000019890F83D00012804D0FFE701208DF8DC
:102D10000B0047E00198022180F83D1001980068FF
:102D2000C16841F00101C1600198006842F60041AC
:102D3000C4F20101884218D0FFE701980068B0F1A1
:102D4000804F12D0FFE70198006840F20041C4F2C2
:102D50000001884209D0FFE70198006840F60001B1
:102D6000C4F20001884212D1FFE701980068806830
:102D700000F0070000900098062807D0FFE70198B0
:102D80000068016841F001010160FFE706E0019879
:102D90000068016841F001010160FFE700208DF843
:102DA0000B00FFE79DF80B0003B0704780B58CB0B7
:102DB0000A90099100208DF82300FFE70A9890F807
:102DC0003C00012804D1FFE702208DF82F00BBE072
:102DD0000A98012180F83C10FFE7FFE70A980221DA
:102DE00080F83D100A98006880680790079820F0E6
:102DF00077000790079820F47F40079007980A997A
:102E000009688860099800680028069000F08280B0
:102E1000FFE7069810287DD0FFE70698202879D094
:102E2000FFE70698302875D0FFE70698402861D064
:102E3000FFE7069850283DD0FFE70698602849D064
:102E4000FFE7069870280BD0FFE70698B0F5805F83
:102E500005D0FFE70698B0F5005F19D061E064E0A7
:102E60000A98006809994A688B68C96805911946EB
:102E7000059B03F075FE0A98006880680790079824
:102E800040F07700079007980A99096888604CE03D
:102E90000A98006809994A688B68C96804911946BC
:102EA000049B03F05DFE0A980068816841F480414C
:102EB00081603AE00A98006809994A68C9680391F4
:102EC0001146039A04F008F80A980068502103F0AC
:102ED00061FE2AE00A98006809994A68C968029167
:102EE0001146029A04F020F80A980068602103F065
:102EF00051FE1AE00A98006809994A68C968019168
:102F00001146019A03F0E8FF0A980068402103F097
:102F100041FE0AE00A9800680999096803F03AFE40
:102F200003E001208DF82300FFE70A98012180F8D3
:102F30003D10FFE70A98002180F83C10FFE79DF85C
:102F400023008DF82F00FFE79DF82F000CB080BD07
:102F500080B588B0069005910698002804D1FFE757
:102F600001208DF81F0088E0069890F83D000028A9
:102F700008D1FFE70698002180F83C10069800F081
:102F800081F8FFE70698022180F83D100698006856
:102F9000816844F2070291438160069850F8041B4F
:102FA00001900846019903F03BFD0698006880688F
:102FB0000490069800688069039006980068006A8B
:102FC000029005980068049908430490039840F221
:102FD00003318843039005988168806941EA0020A5
:102FE000039908430390039840F60C4188430390EB
:102FF00003984FF2F001884303900598C168C069B7
:1030000041EA002003990843039005980169006A8A
:10301000090141EA0030039908430390029820F027
:103020002200029005984168406941EA0010029927
:1030300008430290049806990968886003980699E5
:103040000968886102980699096808620698012152
:1030500080F84610069880F83E10069880F83F10D9
:10306000069880F84210069880F84310069880F879
:103070003D1000208DF81F00FFE79DF81F0008B0ED
:1030800080BD000080B58EB00D9000200C900B909C
:103090000A9009900D98006842F60041C4F20101BF
:1030A00088422DD1FFE7FFE741F21800C4F2020089
:1030B000016841F400610160006800F4006008905C
:1030C0000898FFE7FFE741F21800C4F20200016828
:1030D00041F004010160006800F0040007900798C7
:1030E000FFE74FF44070099000200A9001200B90F8
:1030F00040F60000C4F2010009A9FDF7EDFC41E033
:103100000D980068B0F1804F3BD1FFE7FFE741F237
:103110001C00C4F20200016841F001010160006876
:1031200000F0010006900698FFE7FFE741F2180063
:10313000C4F20200016841F004010160006800F07F
:10314000040005900598FFE70120099000210A91ED
:103150000B9140F60002C4F2010209AB0490104644
:103160000391194602920193FDF7B6FC02200990E3
:1031700003980A9004990B9102980199FDF7ACFC11
:10318000FFE7FFE70EB080BD80B586B004900391E5
:10319000049890F83E008DF80B00049890F83F00DA
:1031A0008DF80A00049890F842008DF80900049800
:1031B00090F843008DF808000398002817D1FFE726
:1031C0009DF80B00012805D1FFE79DF809000128B3
:1031D00004D0FFE701208DF817007AE0049802215F
:1031E00080F83E10049880F84210FFE742E0039810
:1031F000042817D1FFE79DF80A00012805D1FFE751
:103200009DF80800012804D0FFE701208DF8170081
:103210005FE00498022180F83F10049880F8431082
:10322000FFE726E09DF80B0001280FD1FFE79DF88E
:103230000A0001280AD1FFE79DF80900012805D1FD
:10324000FFE79DF80800012804D0FFE701208DF872
:1032500017003EE00498022180F83E10049880F8A0
:103260003F10049880F84210049880F84310FFE75C
:10327000FFE7FFE703980028019004D0FFE70198DB
:10328000042807D00DE0049800680021012203F013
:103290004BFC14E0049800680421012203F044FC74
:1032A0000DE00498006800210122009203F03CFC2C
:1032B000049800680421009A03F036FCFFE70498A4
:1032C0000068016841F00101016000208DF81700DD
:1032D000FFE79DF8170006B080BD000081B00090A8
:1032E00001B0704780B584B0039003980068C0684F
:1032F000029003980068006901909DF8040080071F
:10330000002825D5FFE79DF80800800700281ED576
:10331000FFE7039800686FF0020101610398012143
:1033200001770398006880698007002804D0FFE7D0
:103330000398FFF7D3FF06E0039800F015F9039810
:1033400000F02AFAFFE7039800210177FFE7FFE783
:103350009DF804004007002825D5FFE79DF80800E8
:10336000400700281ED5FFE7039800686FF00401AE
:10337000016103980221017703980068806910F4C5
:10338000407F04D0FFE70398FFF7A8FF06E003980B
:1033900000F0EAF8039800F0FFF9FFE70398002136
:1033A0000177FFE7FFE79DF804000007002825D517
:1033B000FFE79DF80800000700281ED5FFE70398E7
:1033C00000686FF0080101610398042101770398F8
:1033D0000068C0698007002804D0FFE70398FFF762
:1033E0007DFF06E0039800F0BFF8039800F0D4F9E1
:1033F000FFE7039800210177FFE7FFE79DF804004E
:10340000C006002825D5FFE79DF80800C006002863
:103410001ED5FFE7039800686FF010010161039863
:103420000821017703980068C06910F4407F04D038
:10343000FFE70398FFF752FF06E0039800F094F8C7
:10344000039800F0A9F9FFE7039800210177FFE74F
:10345000FFE79DF80400C007002810D0FFE79DF8A3
:103460000800C007002809D0FFE7039800686FF044
:1034700001010161039800F045FAFFE7FFE79DF8BD
:1034800004000006002810D5FFE79DF8080000069C
:10349000002809D5FFE7039800686FF080010161FB
:1034A0000398FFF739FBFFE7FFE79DF804004006AC
:1034B000002810D5FFE79DF808004006002809D530
:1034C000FFE7039800686FF040010161039800F086
:1034D00099FBFFE7FFE79DF804008006002810D560
:1034E000FFE79DF808008006002809D5FFE703984C
:1034F00000686FF0200101610398FFF711FBFFE7FF
:10350000FFE704B080BD000080B586B005900020C4
:1035100004900390029001900598006840F20041E9
:10352000C4F2000188421CD1FFE7FFE741F2180016
:10353000C4F20200016841F004010160006800F07B
:10354000040000900098FFE7C02001900220029044
:10355000049040F60000C4F2010001A9FDF7BCFA96
:10356000FFE706B080BD000081B0009001B0704759
:1035700080B586B004900391029200208DF8070078
:10358000FFE7049890F83C00012804D1FFE70220EF
:103590008DF8170089E00498012180F83C10FFE7BE
:1035A000FFE702980C28009000F270800099DFE895
:1035B00001F0076D6D6D206D6D6D3A6D6D6D530091
:1035C00004980068039903F0FBFA04980068816985
:1035D00041F00801816104980068816921F00401CB
:1035E000816103980069049909688A6910438861B8
:1035F00050E004980068039903F04AFB04980068BF
:10360000816941F40061816104980068816921F455
:103610008061816103980069049909688A6942EAB6
:103620000020886136E004980068039903F09CFB51
:1036300004980068C16941F00801C16104980068FC
:10364000C16921F00401C161039800690499096806
:10365000CA691043C8611DE004980068039903F02B
:10366000EFFB04980068C16941F40061C1610498EE
:103670000068C16921F48061C161039800690499FF
:103680000968CA6942EA0020C86103E001208DF898
:103690000700FFE7FFE70498002180F83C10FFE7F0
:1036A0009DF807008DF81700FFE79DF8170006B09A
:1036B00080BD000080B584B002900298002804D13B
:1036C000FFE701208DF80F0043E0029890F83D00DD
:1036D000002808D1FFE70298002180F83C100298EA
:1036E00000F03CF8FFE70298022180F83D100298B4
:1036F00050F8041B01900846019903F091F90298D3
:10370000012180F84610FFE70298012180F83E1061
:10371000029880F83F10029880F84010029880F8D4
:103720004110FFE7FFE70298012180F8421002985C
:1037300080F84310029880F84410029880F84510F1
:10374000FFE70298012180F83D1000208DF80F005E
:10375000FFE79DF80F0004B080BD000082B001902B
:103760000198006840F20041C4F20001884210D183
:10377000FFE7FFE741F21C00C4F20200016841F0DC
:1037800002010160006800F0020000900098FFE76D
:10379000FFE702B07047000081B0009001B07047B1
:1037A00080B58AB0089007910798002805D1FFE7F7
:1037B000089890F83E0005901CE00798042805D171
:1037C000FFE7089890F83F00049010E00798082859
:1037D00005D1FFE7089890F84000039004E00898AE
:1037E00090F841000390FFE703980490FFE70498E6
:1037F0000590FFE70598012804D0FFE701208DF828
:1038000027007BE00798002805D1FFE708980221F0
:1038100080F83E101EE00798042806D1FFE70898BC
:10382000022180F83F10029112E00798082806D183
:10383000FFE70898022180F84010019105E0089800
:10384000022180F841100191FFE701980290FFE703
:103850000298FFE7089800680799012203F064F9CD
:103860000898006842F60041C4F20101884207D17D
:10387000FFE708980068416C41F400414164FFE7AC
:103880000898006842F60041C4F20101884218D04D
:10389000FFE708980068B0F1804F12D0FFE7089862
:1038A000006840F20041C4F20001884209D0FFE7FD
:1038B0000898006840F60001C4F20001884212D165
:1038C000FFE708980068806800F0070006900698F7
:1038D000062807D0FFE708980068016841F0010159
:1038E0000160FFE706E008980068016841F0010107
:1038F0000160FFE700208DF82700FFE79DF8270013
:103900000AB080BD80B58CB00B900B98006840F673
:103910000001C4F20001884240F07281FFE740F2EA
:103920007650C2F20000008802280DD1FFE740F275
:103930000000C2F200000021017040F27650C2F295
:10394000000001210180FFE740F20000C2F2000008
:1039500090F9000001460728089100F210810899AB
:10396000DFE811F008000F00DD00E500ED00F500D4
:10397000FD00050140F25020C2F20000002101804C
:10398000FEE040F2D440C2F2000080680021C4F2A0
:10399000A021FCF7CCFD002827D1FFE740F2D4405E
:1039A000C2F2000080680021C4F2C821FCF7DBFDF0
:1039B00000281AD1FFE740F2D240C2F200000221F3
:1039C000018000200A90FFE70A9807280CDCFFE737
:1039D0000A9840F2E551C2F2000100220A54FFE7C2
:1039E0000A9801300A90EFE7FFE740F2D240C2F2B6
:1039F00000000088022834D1FFE740F2D440C2F230
:103A0000000080680021C4F22031FCF790FD0028FE
:103A100027D1FFE740F2D440C2F2000080680021C5
:103A2000C4F24831FCF79FFD00281AD1FFE740F2AD
:103A3000D240C2F200000321018000200990FFE77C
:103A4000099807280CDCFFE7099840F2E551C2F21B
:103A5000000100220A54FFE7099801300990EFE7BE
:103A6000FFE740F26400C2F200000121017040F261
:103A7000D440C2F20000806840F24821C2F2000146
:103A80000860086840F24421C2F20001086005F0B5
:103A9000AFF840F25450C2F2000081680790084627
:103AA000FCF7BFFD4FF0333243F23333C3F6FB7301
:103AB00006920593FCF7C9FC002242F20003C4F20F
:103AC0008C030490104603911946049B02921A46F7
:103AD000039BFCF7B4FCFCF7B7FD40F23801C2F2DF
:103AE0000001886007988068FCF79BFD069A059B9B
:103AF000FCF7ABFC42F20002CCF28C02029B01907C
:103B0000184600911146019A009BFCF798FCFCF7BF
:103B10009BFD40F20C01C2F20001886030E040F2EF
:103B20005020C2F2000001880131018028E040F2FB
:103B30005220C2F2000001880131018020E040F2F1
:103B40005420C2F2000001880131018018E040F2E7
:103B50005620C2F2000001880131018010E040F2DD
:103B60005820C2F2000001880131018008E040F2D3
:103B70005A20C2F2000001880131018000E0FFE715
:103B800040F27850C2F2000001680131016040F259
:103B90008050C2F200000088B0F5FA7F08DAFFE733
:103BA00040F28050C2F20000018801310180FFE73D
:103BB00040F27850C2F2000000680A281FD1FFE7E7
:103BC00040F27850C2F200000021016040F20C0087
:103BD000C2F2000005F004FF40F23800C2F200001B
:103BE00005F0FEFE40F26400C2F2000002F044FE66
:103BF00002F016FE03F058FD05F036FFFFE7FFE781
:103C00000CB080BD81B0009001B0704782B00A4610
:103C10000190ADF8021002B07047000081B0009032
:103C200001B0704780B592B011901198006800689B
:103C3000109011980068C0680F9011980068406952
:103C40000E9000200D900C90109800F00F000D9039
:103C50000D98002811D1FFE79DF84000800600284C
:103C60000AD5FFE79DF83C008006002804D5FFE751
:103C7000119803F0F1F9F1E1FFE70D98002800F049
:103C8000CA80FFE79DF83800C007002807D1FFE78A
:103C9000BDF83C0010F4907F00F0BD80FFE79DF878
:103CA0004000C00700280CD0FFE79DF83D00C0078A
:103CB000002806D0FFE71198416C41F001014164F2
:103CC000FFE79DF84000400700280CD5FFE79DF86E
:103CD0003800C007002806D0FFE71198416C41F07A
:103CE00002014164FFE79DF84000800700280CD5E1
:103CF000FFE79DF83800C007002806D0FFE71198BD
:103D0000416C41F004014164FFE79DF84000000769
:103D1000002812D5FFE79DF83C008006002806D455
:103D2000FFE79DF83800C007002806D0FFE711988C
:103D3000416C41F008014164FFE71198406C002894
:103D400068D0FFE79DF84000800600280AD5FFE70D
:103D50009DF83C008006002804D5FFE7119803F089
:103D60007BF9FFE7119800684069C0F380100C9060
:103D70001198406C0007002804D4FFE70C98002835
:103D800040D0FFE7119803F009F9119800684069E5
:103D90004006002831D5FFE7FFE7FFE711980068EC
:103DA00050E8050F20F040000B90FFE70B981199A9
:103DB000096841E80502002AF0D1FFE7FFE7119802
:103DC000C06B002814D0FFE71198C06B46F67D71D8
:103DD000C0F6000141631198C06BFCF7C3FD0028D9
:103DE00005D0FFE71198C06B416B8847FFE703E000
:103DF0001198FFF713FFFFE703E01198FFF70EFF9D
:103E0000FFE706E01198FFF709FF119800214164D0
:103E1000FFE7FFE722E11198006B012840F0FE80E8
:103E2000FFE79DF84000C006002840F1F780FFE75B
:103E30009DF83C00C006002840F1F080FFE7FFE756
:103E400000200A901198006800680A901198006894
:103E500040680A900A98FFE7119800684069400698
:103E6000002840F18180FFE71198C06B006840682E
:103E7000ADF82600BDF82600002874D0FFE7BDF895
:103E800026001199898D88426DDAFFE7BDF826007A
:103E90001199C8851198C06B8069202858D0FFE718
:103EA000FFE7FFE71198006850E8030F20F48070E7
:103EB0000890FFE708981199096841E80302002A71
:103EC000F0D1FFE7FFE7FFE7FFE71198006850E850
:103ED000050F20F001000790FFE707981199096886
:103EE00041E80502002AF0D1FFE7FFE7FFE7FFE71F
:103EF0001198006850E8050F20F040000690FFE799
:103F000006981199096841E80502002AF0D1FFE7F7
:103F1000FFE71198202180F84210119800210163D9
:103F2000FFE7FFE71198006850E8030F20F010004A
:103F30000590FFE705981199096841E80302002AF6
:103F4000F0D1FFE7FFE71198C06BFCF7CBFCFFE770
:103F50001198022141631198818DC28D891A89B20D
:103F6000FFF754FEFFE779E01198818DC08D081AA4
:103F7000ADF812001198C08D00284ED0FFE7BDF8B3
:103F80001200002849D0FFE7FFE7FFE7119800681B
:103F900050E8030F20F490700390FFE70398119905
:103FA000096841E80302002AF0D1FFE7FFE7FFE7D5
:103FB000FFE71198006850E8050F20F0010002901B
:103FC000FFE702981199096841E80502002AF0D13B
:103FD000FFE7FFE71198202180F842101198002197
:103FE0000163FFE7FFE71198006850E8030F20F036
:103FF00010000190FFE701981199096841E8030258
:10400000002AF0D1FFE7FFE71198022141631198E0
:10401000BDF81210FFF7FAFDFFE71FE09DF8400022
:10402000000600280AD5FFE79DF83C00000600289E
:1040300004D5FFE7119803F05DF90FE09DF840000B
:10404000400600280AD5FFE79DF83C0040060028FE
:1040500004D5FFE7119802F0EBFFFFE712B080BD37
:1040600080B582B000900098002804D1FFE70120BD
:104070008DF8070042E000988069002801D0FFE732
:1040800000E0FFE7009890F84100002808D1FFE722
:104090000098002180F84010009800F033F8FFE706
:1040A0000098242180F8411000980068C16821F42C
:1040B0000051C160009803F087F80098006801691A
:1040C00021F49041016100980068416921F02A01C2
:1040D000416100980068C16841F40051C1600098D6
:1040E000002141640098202280F84120009880F847
:1040F0004220009841638DF80710FFE79DF8070004
:1041000002B080BD80B592B01190002010900F9049
:104110000E900D901198006843F60001C4F2010161
:10412000884252D1FFE7FFE741F21800C4F20200D3
:10413000016841F480410160006800F480400C9007
:104140000C98FFE7FFE741F21800C4F20200016893
:1041500041F008010160006800F008000B900B9826
:10416000FFE740200D9002200E900320109040F6B3
:104170000040C4F201000DA907900691FCF7ACFCC9
:1041800080200D9000200E900F9007980699FCF764
:10419000A3FCFFE70420C4F2010001680A910A9918
:1041A00041F0E0610A910A9941F004010A910A99EB
:1041B0000160FFE72520002105900491049AFDF796
:1041C0007FFF0598FDF770FF4BE01198006844F2FF
:1041D0000041C4F20001884242D1FFE7FFE741F20B
:1041E0001C00C4F20200016841F400310160006863
:1041F00000F4003009900998FFE7FFE741F218004A
:10420000C4F20200016841F004010160006800F09E
:10421000040008900898FFE704200D9002200E90FB
:104220000320109040F60000C4F201000DA9039095
:104230000291FCF751FC08200D9000200E900F9089
:104240000399019008460299FCF746FC262000904D
:104250000199019AFDF734FF0098FDF725FFFFE76C
:10426000FFE712B080BD000080B584B01346029015
:104270000191ADF80220029890F84200202819D14F
:10428000FFE70198002805D0FFE7BDF802000028ED
:1042900004D1FFE701208DF80F000FE00298002104
:1042A000016302980199BDF8022002F0EFFF8DF83A
:1042B0000F0003E002208DF80F00FFE79DF80F00CC
:1042C00004B080BD80B582B001900198006843F6CB
:1042D0000001C4F20101884240F0A780FFE740F2EC
:1042E000F050C2F2000001680131016040F2A450B8
:1042F000C2F200000078002822D1FFE740F2A5506A
:10430000C2F200000078552812D1FFE740F2A55014
:10431000C2F20000007840F2A451C2F200010A7813
:10432000531C0B7040F2C141C2F20001885406E0F8
:1043300040F2A450C2F2000000210170FFE768E0E3
:1043400040F2A450C2F200000078012822D1FFE719
:1043500040F2A550C2F200000078532812D1FFE7C6
:1043600040F2A550C2F20000007840F2A451C2F21F
:1043700000010A78531C0B7040F2C141C2F20001E7
:10438000885406E040F2A450C2F2000000210170FF
:10439000FFE73DE040F2A450C2F2000000780A2896
:1043A00023D1FFE740F2A550C2F20000007840F2AE
:1043B000A451C2F20001097840F2C142C2F20002E7
:1043C00050541046FCF762FA002807D0FFE740F28D
:1043D000C140C2F2000001F083FFFFE740F2A450A9
:1043E000C2F200000021017011E040F2A550C2F2BB
:1043F0000000007840F2A451C2F200010A78531C78
:104400000B7040F2C141C2F200018854FFE7FFE7A0
:10441000FFE740F23040C2F2000040F2A551C2F284
:1044200000010122FFF720FFFFE70198006844F236
:104430000041C4F2000188423ED1FFE740F2D24081
:10444000C2F20000008803282AD1FFE740F20000F2
:10445000C2F2000090F90000012821D1FFE740F2EC
:10446000D440C2F2000080680021C4F24831FCF759
:104470007AF8002814D1FFE740F2D440C2F20000DD
:1044800080680021C4F22031FCF751F8002807D1E0
:10449000FFE740F20000C2F2000008210170FFE7D0
:1044A00040F27840C2F2000040F2E551C2F2000151
:1044B0000322FFF7D9FEFFE702B080BD84B01346A8
:1044C00002900191ADF80220029890F84100202856
:1044D00028D1FFE70198002805D0FFE7BDF80200CA
:1044E000002804D1FFE701208DF80F001EE001989D
:1044F00002990862BDF8020002998884BDF80200A2
:104500000299C8840298002141640298212280F80F
:10451000412002980068C26842F08002C2608DF8B3
:104520000F1003E002208DF80F00FFE79DF80F0049
:1045300004B0704781B0009001B07047FFE7FEE71C
:1045400080B540F26820C2F20000FCF7A3FC80BDF9
:1045500080B540F26820C2F20000FCF765FD80BD26
:1045600080B540F2BC20C2F20000FCF793FC80BD95
:1045700080B540F2BC20C2F20000FCF755FD80BDC2
:1045800081B000900098C06AB0F52A0F04D1FFE70F
:1045900000980121C1620BE00098C06AB0F12A4F77
:1045A00004D1FFE700980821C16200E0FFE7FFE7C0
:1045B00001B0704780B584B003900020029003984A
:1045C000406A0190019890F83D008DF8030040F298
:1045D0000400C2F20000006848F21F51C5F2EB115E
:1045E000A0FB0101C90844F6D352C1F26202A1FB4B
:1045F0000212920923235A430292FFE702980028ED
:1046000006D1FFE70198016C41F0200101640CE044
:10461000029801380290FFE701980068006800F4F2
:104620000070B0F5007FE9D0FFE70198406B0028EB
:1046300005D0FFE70198406B00218162FFE70198F8
:10464000806B002805D0FFE70198806B0021816214
:10465000FFE701980068016821F48061016001981A
:10466000002141850198406B002805D0FFE70198A3
:10467000406B00214163FFE70198806B002805D063
:10468000FFE70198806B00214163FFE70198006814
:10469000016821F001010160019890F83D00602857
:1046A0000ED1FFE70198202180F83D1001980021EC
:1046B00080F83E10019801640198FCF7DDFB27E0CB
:1046C0009DF8030000F02800282814D1FFE7019886
:1046D0000068016841F0010101600198006801680B
:1046E00041F4806101600198002101630198282153
:1046F00080F83D1008E00198202180F83D100198D5
:10470000002180F83E10FFE70198FCF777FEFFE7F5
:1047100004B080BD81B00090009800684069C0B2CC
:104720000021B1EBD01F05D0FFE700980068002101
:104730000161FFE701B0704780B584B00390039832
:1047400090F83D008DF80B00039890F83E008DF82E
:104750000A009DF80A00102805D0FFE79DF80A001E
:1047600040280CD1FFE79DF80B00222807D1FFE776
:1047700003980068016821F400610160FFE79DF87B
:104780000B0000F02800282808D1FFE7039800213B
:1047900001630398282180F83D101AE0039800680F
:1047A000406800F40060B0F5006F0ED0FFE79DF8A0
:1047B0000B00602809D0FFE70398202180F83D1006
:1047C0000398002180F83E10FFE703980021016361
:1047D000FFE7039800684068000500285FD5FFE701
:1047E00003980068416821F4006141600398406BC0
:1047F00090F8210001281ED0FFE70398406B44F297
:10480000B551C0F6000141630398406BFCF7AAF86C
:1048100000280FD0FFE703980068016821F001012C
:1048200001600398202180F83D100398406B416B94
:104830008847FFE732E00398806B44F2B551C0F639
:10484000000141630398806BFCF78CF8002824D0AA
:10485000FFE703980068406900F040000121B1EBD8
:10486000901F0BD1FFE70398006800690399496A1C
:1048700008700398416A01314162FFE703980068BC
:10488000016821F0010101600398202180F83D10AA
:104890000398806B416B8847FFE7FFE745E003988B
:1048A00090F83D00602826D1FFE70398202180F88A
:1048B0003D1003980021016403980068406900F0EE
:1048C00040000121B1EB901F0BD1FFE70398006876
:1048D00000690399496A08700398416A013141628D
:1048E000FFE703980068016821F001010160039867
:1048F000FCF7C2FA18E003980068406900F0400035
:104900000121B1EB901F0BD1FFE70398006800690C
:104910000399496A08700398416A01314162FFE7CF
:104920000398FCF76BFDFFE7FFE70398006C01902D
:104930009DF80400C007002812D1FFE7019800F09D
:10494000020002280CD0FFE7019800F004000428C0
:1049500006D0FFE79DF804000007002807D5FFE711
:1049600003980068416821F4E0614160FFE7039823
:1049700090F83D008DF80B000398006C400700286C
:1049800018D5FFE79DF80B00282813D1FFE70398FF
:104990000021CFF6FF71C1620398002101630398E3
:1049A000202280F83D20039880F83E100398FCF701
:1049B00087FEFFE704B080BD82B0009000980068D9
:1049C000406900F480600121B1EB902F1ED1FFE718
:1049D000009800686FF480614161009800210163D4
:1049E0000098202280F83D20009880F83E10009822
:1049F000016C41F004010164FFE70098002180F898
:104A00003C10FFE701208DF8070003E000208DF83F
:104A10000700FFE79DF8070002B0704780B582B03D
:104A200001900198C06A00900198408D042815D12A
:104A3000FFE701980068416821F4806141600198B6
:104A4000006800690199496A08700198416A01315A
:104A500041620198418D01394185B3E00198408D53
:104A6000032824D1FFE701980068416821F48061A0
:104A70004160009804280BD0FFE70098022807D077
:104A8000FFE701980068016821F480610160FFE799
:104A90000198006800690199496A08700198416AA3
:104AA000013141620198418D0139418589E00198C8
:104AB000408D022875D1FFE70098012804D0FFE758
:104AC0000098102807D1FFE701980068016821F4D9
:104AD0008061016016E00098042804D0FFE7009888
:104AE000022807D1FFE701980068016841F480615E
:104AF000016006E001980068016841F400710160FE
:104B0000FFE7FFE70198006800690199496A0870AA
:104B10000198416A013141620198418D0139418515
:104B20000198006800690199496A08700198416A12
:104B3000013141620198418D013941850198006838
:104B4000416821F4407141600198202180F83D10B6
:104B5000019890F83E0040280AD1FFE70198002113
:104B600080F83E10019801630198FCF7B5FD17E04D
:104B70000198002180F83E100098082804D0FFE733
:104B80000098202804D1FFE701980021016303E089
:104B9000019812210163FFE70198FCF795FDFFE7FB
:104BA0000EE00198006800690199496A087001984F
:104BB000416A013141620198418D01394185FFE728
:104BC000FFE7FFE702B080BD80B584B00390039893
:104BD00090F83D00222840F0AA80FFE70398C06AC1
:104BE00001900398408D0290029804281BD3FFE7A0
:104BF0000398006800690399496A08700398416A3C
:104C0000013141620398418D013941850398408DFE
:104C1000032807D1FFE703980068416821F4806109
:104C20004160FFE782E00398C06A022876D0FFE780
:104C30000298012804D0FFE7029800286ED1FFE710
:104C4000039801F0B7FA002847D1FFE703980068FE
:104C5000016821F48061016003980068416821F4D3
:104C6000E06141600398006800690399496A08702F
:104C70000398416A013141620398418D01394185B0
:104C80000398202180F83D10039890F83E004028BA
:104C90000AD1FFE70398002180F83E1003980163D2
:104CA0000398FCF719FD17E00398002180F83E10E7
:104CB0000198082804D0FFE70198202804D1FFE7D5
:104CC00003980021016303E0039812210163FFE7C9
:104CD0000398FCF7F9FCFFE71FE0039800684168C0
:104CE00021F4E06141600398006800690399496A12
:104CF00008700398416A013141620398418D01397E
:104D000041850398202180F83D100398002180F808
:104D10003E100398FCF772FBFFE706E0039800687B
:104D2000416821F480614160FFE7FFE7FFE704B0DD
:104D300080BD000080B582B001900198C06A0090EB
:104D4000019890F83D00212861D1FFE70198408D3E
:104D500000280ED0FFE701980168406A00780861DA
:104D60000198416A013141620198418D01394185C3
:104D70004CE0009808281ED0FFE7009820281AD0A1
:104D8000FFE7009810F5803F15D0FFE70198006815
:104D9000416821F4E06141600198112101630198AB
:104DA000002180F83E100198202180F83D100198E4
:104DB000FCF78EFC29E001980068416821F4E0616D
:104DC000416001980068016841F400710160019838
:104DD000002101630198202180F83D10019890F88E
:104DE0003E00402808D1FFE70198002180F83E10DE
:104DF0000198FCF775FC07E00198002180F83E104F
:104E00000198FCF765FCFFE7FFE7FFE700E0FFE73D
:104E100002B080BD80B584B00390039890F83D0047
:104E20008DF80B00039890F83E008DF80A00039867
:104E3000C06A01900398008D002852D1FFE79DF8C9
:104E40000B0021284DD1FFE7019808281ED0FFE76D
:104E5000019820281AD0FFE7019810F5803F15D05F
:104E6000FFE703980068416821F4E061416003981E
:104E7000112101630398002180F83E10039820213E
:104E800080F83D100398FCF723FC29E003980068A4
:104E9000416821F4E061416003980068016841F4D1
:104EA000007101600398002101630398202180F8BC
:104EB0003D10039890F83E00402808D1FFE7039882
:104EC000002180F83E100398FCF70AFC07E00398E5
:104ED000002180F83E100398FCF7FAFBFFE7FFE79C
:104EE00036E09DF80B0021280AD0FFE79DF80A0064
:104EF00040282BD1FFE79DF80B00222826D1FFE7A1
:104F00000398408D002807D1FFE7039800684168A7
:104F100021F48061416018E0039890F83E00402839
:104F200004D1FFE7039800F06BFA0DE003980168E5
:104F3000406A007808610398416A01314162039830
:104F4000418D01394185FFE7FFE700E0FFE7FFE71B
:104F500004B080BD81B000900098406CC0B2009950
:104F6000096808610098406B002806D0FFE70098A8
:104F7000406B806A00280BD1FFE70098806B002807
:104F80000DD0FFE70098806B806A002807D0FFE70C
:104F900000980068416841F400614160FFE701B09A
:104FA000704700008FB00E900E9890F83E008DF87C
:104FB00037000E98C06A0C900E98006B0B900E98FC
:104FC00090F83D00222840F08C81FFE70E98006D9C
:104FD000002813D1FFE79DF8370040280ED1FFE7E6
:104FE000FFE700200A900E98006840690A900E982A
:104FF000006880690A900A98FFE771E10E98006DD9
:1050000000281ED1FFE70E980069B0F5404F18D177
:10501000FFE7FFE7002009900E98006840690990BB
:105020000E980068806909900998FFE70E9800685B
:10503000016841F4807101600E98016D01310165D4
:105040004DE10E98408D002814D1FFE7FFE70020C6
:1050500008900E980068406908900E980068806972
:1050600008900898FFE70E980068016841F4007105
:10507000016030E10E98408D012840F09080FFE7FC
:105080000C9810F5803F36D1FFE70E980068016854
:1050900021F4806101600E980068406800050028D6
:1050A00014D5FFE70E980068016821F48061016063
:1050B000FFE7002007900E980068406907900E985F
:1050C0000068806907900798FFE713E0FFE700207A
:1050D00006900E980068406906900E9800688069F6
:1050E00006900698FFE70E980068016841F4007189
:1050F0000160FFE752E00C98082834D0FFE70C98D5
:10510000202830D0FFE70B98122804D1FFE70C9835
:10511000012828D1FFE70C9804280FD0FFE70C984E
:1051200002280BD0FFE70C98102807D0FFE70E9855
:105130000068016821F48061016006E00E98006853
:10514000016841F480610160FFE7FFE700200590FE
:105150000E980068406905900E9800688069059077
:105160000598FFE719E00E980068016821F4806156
:105170000160FFE7002004900E98006840690490E9
:105180000E980068806904900498FFE70E98006804
:10519000016841F400710160FFE7FFE79AE00E98B3
:1051A000408D02285ED1FFE70C98042822D0FFE74B
:1051B0000C9802281ED0FFE70C9810281AD0FFE7A1
:1051C0000E980068016841F400610160FFE700206B
:1051D00003900E980068406903900E9800688069FB
:1051E00003900398FFE70E980068016821F480613E
:1051F000016013E00E980068016841F4806101606D
:10520000FFE7002002900E980068406902900E9817
:105210000068806902900298FFE7FFE70E98006837
:105220004068000500281CD5FFE70C9810F5803F6A
:1052300010D0FFE70C9801280CD0FFE70C98082845
:1052400008D0FFE70C98102804D0FFE70C9820281E
:1052500007D1FFE70E980068416841F48051416032
:10526000FFE736E00E980068016841F48061016054
:105270000E9800684068000500281CD5FFE70C98D0
:1052800010F5803F10D0FFE70C9801280CD0FFE705
:105290000C98082808D0FFE70C98102804D0FFE7E6
:1052A0000C98202807D1FFE70E980068416841F468
:1052B00080514160FFE7FFE7002001900E980068F1
:1052C000406901900E980068806901900198FFE79D
:1052D000FFE7FFE7FFE70E9800210165FFE7FFE723
:1052E0000DE0FFE7002000900E98006840690090F4
:1052F0000E980068806900900098FFE7FFE70FB004
:105300007047000081B00090009890F83E0040285F
:1053100017D1FFE70098006D002808D1FFE700983B
:10532000406C00F0FE0000990968086108E00098F0
:10533000406C40F00100C0B2009909680861FFE7C5
:105340005CE000980069B0F5804F35D1FFE7009828
:1053500090F83D00212808D1FFE70098406C00F04C
:10536000FE0000990968086108E00098406C40F070
:105370000100C0B2009909680861FFE70098406B1E
:10538000002806D0FFE70098406B806A00280BD108
:10539000FFE70098806B00280DD0FFE70098806B36
:1053A000806A002807D0FFE700980068416841F450
:1053B00000614160FFE720E00098006D00280AD1FD
:1053C000FFE70098406C00F44070C009F03000998D
:1053D0000968086110E00098006D01280AD1FFE714
:1053E0000098406C00F44070C009F13000990968E1
:1053F000086100E0FFE7FFE7FFE7FFE701B0704764
:1054000080B582B00190019890F83D008DF80300BE
:105410000198006D00281DD1FFE70198C06C01289C
:105420000BD1FFE70198806CC0B20199096808614F
:105430000198016D023101650BE00198806C80B22A
:10544000000A0199096808610198016D013101653F
:10545000FFE76AE00198006D01280BD1FFE7019892
:10546000806CC0B20199096808610198016D013131
:10547000016559E00198006D022850D1FFE79DF8C1
:10548000030022280BD1FFE701980068016841F46E
:10549000807101600198016D013101653EE0019864
:1054A000408D002813D0FFE79DF8030021280ED17E
:1054B000FFE701980168406A007808610198416A35
:1054C000013141620198418D0139418525E0019802
:1054D000408D00281FD1FFE79DF8030021281AD135
:1054E000FFE701980068416821F4E061416001989C
:1054F0000068016841F400710160019800210163B6
:105500000198202280F83D20019880F83E100198F3
:10551000FCF7E6F800E0FFE7FFE7FFE703E00198AC
:10552000FFF7F8F8FFE7FFE7FFE702B080BD0000F4
:1055300070B58CB0DDF844C0DDF840E01C4615467F
:105540000E460A90ADF82610ADF82420ADF82230B2
:105550000A980068016841F4806101600A98006857
:10556000016841F4807101600A98109B11996A46A4
:1055700011604FF001110022CDF818C0CDF814E0F1
:1055800004940395029600F073FC002810D0FFE706
:105590000A9800680068C005002805D5FFE70A984A
:1055A0004FF400710164FFE703208DF82F00BDE088
:1055B000BDF8260000F0FE000A99096808610A9803
:1055C000109A119B0221C0F2010100F0D7FC0028C3
:1055D00004D0FFE701208DF82F00A7E0FFE70020AF
:1055E00007900A980068406907900A9800688069E7
:1055F00007900798FFE70A981099119A00F018FE93
:10560000002810D0FFE70A98006C042807D1FFE7B4
:105610000A980068016841F400710160FFE7012009
:105620008DF82F0082E0BDF82200012806D1FFE7A7
:105630009DF824000A990968086122E09DF8250078
:105640000A99096808610A981099119A00F0F0FD0A
:10565000002810D0FFE70A98006C042807D1FFE764
:105660000A980068016841F400710160FFE70120B9
:105670008DF82F005AE09DF824000A990968086106
:10568000FFE70A981099119A00F0D2FD002810D077
:10569000FFE70A98006C042807D1FFE70A98006822
:1056A000016841F400710160FFE701208DF82F00CF
:1056B0003CE00A980068016841F4807101600A9832
:1056C000109B11996A4611604FF00111002200F001
:1056D000CFFB002810D0FFE70A9800680068C005DB
:1056E000002805D5FFE70A984FF400710164FFE731
:1056F00003208DF82F0019E09DF8260040F00100EE
:105700000A99096808610A98109A119B0221C0F24F
:10571000010100F033FC002804D0FFE701208DF8E0
:105720002F0003E000208DF82F00FFE79DF82F00E9
:105730000CB070BD70B58CB0DDF844C0DDF840E051
:105740001C4615460E460A90ADF82610ADF82420EA
:10575000ADF822300A980068016841F48071016058
:105760000A98109B11996A4611604FF001110022AE
:10577000CDF818C0CDF814E004940395029600F01B
:1057800077FB002810D0FFE70A9800680068C00582
:10579000002805D5FFE70A984FF400710164FFE780
:1057A00003208DF82F006CE0BDF8260000F0FE000D
:1057B0000A99096808610A98109A119B0221C0F29F
:1057C000010100F0DBFB002804D0FFE701208DF889
:1057D0002F0056E0FFE7002007900A980068406914
:1057E00007900A980068806907900798FFE70A9871
:1057F0001099119A00F01CFD002810D0FFE70A98BC
:10580000006C042807D1FFE70A980068016841F49A
:1058100000710160FFE701208DF82F0031E0BDF835
:105820002200012806D1FFE79DF824000A990968A3
:10583000086122E09DF825000A99096808610A9824
:105840001099119A00F0F4FC002810D0FFE70A9894
:10585000006C042807D1FFE70A980068016841F44A
:1058600000710160FFE701208DF82F0009E09DF82D
:1058700024000A9909680861FFE700208DF82F00CD
:10588000FFE79DF82F000CB070BD000081B00090C4
:105890000098408D00280FD0FFE70098006800694D
:1058A0000099496A08700098416A01314162009884
:1058B000418D01394185FFE701B0704780B582B065
:1058C0000190019890F83D008DF803000198408DFB
:1058D00000282AD0FFE70198006800690199496A09
:1058E00008700198416A013141620198418D013986
:1058F00041850198408D002816D1FFE79DF80300EF
:105900002A2811D1FFE701980068416821F48061DD
:1059100041600198222101630198282180F83D10FF
:105920000198FCF729FBFFE7FFE702B080BD00000C
:1059300081B000900098408D00280ED0FFE70098BD
:105940000168406A007808610098416A013141624B
:105950000098418D01394185FFE701B07047000093
:1059600080B582B00190019890F83D008DF8030059
:105970000198408D002829D0FFE701980168406A0E
:10598000007808610198416A013141620198418DB6
:10599000013941850198408D002816D1FFE79DF817
:1059A0000300292811D1FFE701980068416821F41C
:1059B000806141600198212101630198282180F8CC
:1059C0003D100198FCF7DCFAFFE7FFE702B080BD6D
:1059D00080B584B00390029100208DF807000398F1
:1059E00090F83D0000F02800282832D1FFE7039806
:1059F0000068416821F4806141609DF8080000F072
:105A000004000021B1EB900F04D1FFE701208DF8D5
:105A10000700FFE79DF808000021B1EBD01F05D17A
:105A2000FFE70398C068ADF8040004E003988069BC
:105A3000ADF80400FFE7FFE70398002180F83C1071
:105A4000FFE703989DF80710BDF80420FBF718FA4C
:105A500013E0FFE700200090039800684069009081
:105A600003980068806900900098FFE7FFE70398BB
:105A7000002180F83C10FFE7FFE704B080BD000084
:105A800080B584B00390039890F83D008DF80B002A
:105A90000398C06A01900198082804D0FFE7019894
:105AA000202829D1FFE79DF80B00282824D1FFE703
:105AB00003980021CFF6FF71C16203980068416826
:105AC00021F4E0614160039800686FF480614161F6
:105AD00003980068016821F4806101600398002147
:105AE00001630398202280F83D20039880F83E103F
:105AF0000398FBF7E5FD33E09DF80B00212828D142
:105B0000FFE703980021CFF6FF71C16203982121BE
:105B100001630398202180F83D100398002180F84C
:105B20003E1003980068416821F4E06141600398E9
:105B300000686FF48061416103980068016821F496
:105B4000806101600398FEF7E5FD0398FCF718FA01
:105B500005E0039800686FF480614161FFE7FFE7AB
:105B600004B080BD80B584B00390039890F83D00E8
:105B70008DF80B0003980068416821F4E0614160F2
:105B8000FFE70020019003980068406901900398A6
:105B90000068016841F0010101600198FFE7039886
:105BA0000068016821F48061016003980068406822
:105BB0000005002871D5FFE79DF80B00222805D0CD
:105BC000FFE79DF80B002A2833D1FFE70398806B8D
:105BD00000684068039948850398408D002806D0E6
:105BE000FFE70398016C41F004010164FFE70398AB
:105BF0000068416821F4006141600398806BFAF706
:105C000041FF012814D0FFE70398806B44F2B5519F
:105C1000C0F6000141630398806BFAF7A3FE0028E9
:105C200005D0FFE70398806B416B8847FFE7FFE7EC
:105C300032E00398406B00684068039948850398F8
:105C4000408D002806D0FFE70398016C41F0040165
:105C50000164FFE703980068416821F40061416036
:105C60000398406BFAF70EFF012814D0FFE7039862
:105C7000406B44F2B551C0F6000141630398406B9C
:105C8000FAF770FE002805D0FFE70398406B416BE0
:105C90008847FFE7FFE7FFE7FFE70398408D00280D
:105CA0003ED0FFE703980068406900F0040001213E
:105CB000B1EB900F0FD1FFE70398006800690399DB
:105CC000496A08700398416A013141620398418D25
:105CD00001394185FFE703980068406900F0400002
:105CE0000121B1EB901F0FD1FFE703980068006915
:105CF0000399496A08700398416A01314162039827
:105D0000418D01394185FFE70398408D002806D079
:105D1000FFE70398016C41F004010164FFE7FFE72E
:105D20000398006C002804D0FFE70398FEF704FDF9
:105D300042E09DF80B002A280BD1FFE703980021D1
:105D400001630398282180F83D100398FCF714F9AB
:105D5000FFE7039890F83D00282813D1FFE7039848
:105D60000021CFF6FF71C1620398002101630398FF
:105D7000202280F83D20039880F83E100398FBF71E
:105D80009FFC18E00398006B222805D0FFE79DF8E0
:105D90000B0022280ED1FFE703980021016303982E
:105DA000202280F83D20039880F83E100398FCF7ED
:105DB000E3F8FFE7FFE7FFE704B080BD80B584B0FC
:105DC000029001910092FFE702980068406900F09C
:105DD00004000021B1EB900F41D1FFE70298FEF7DC
:105DE000EBFD002804D0FFE701208DF80F003AE01A
:105DF00001980130002831D0FFE7FBF737F8009910
:105E0000401A0199884204D8FFE70198002824D15C
:105E1000FFE702980068406900F004000021B1EB40
:105E2000900F19D1FFE70298002101630298202208
:105E300080F83D20029880F83E100298016C41F0F5
:105E400020010164FFE70298002180F83C10FFE781
:105E500001208DF80F0006E0FFE7FFE7B4E7002020
:105E60008DF80F00FFE79DF80F0004B080BD000023
:105E700080B588B0DDF828C09646069005918DF86B
:105E800013200393FFE79DF8160001280CD1FFE7CC
:105E9000069800684069BDF814100840401AB0FA2E
:105EA00080F0400902900BE0069800688069BDF818
:105EB00014100840401AB0FA80F040090290FFE741
:105EC00002989DF81310884250D1FFE703980130E3
:105ED00000284AD0FFE7FAF7C9FF0A99401A039948
:105EE000884204D8FFE7039800283DD1FFE79DF8DA
:105EF000160001280CD1FFE7069800684069BDF83C
:105F000014100840401AB0FA80F0400901900BE0EC
:105F1000069800688069BDF814100840401AB0FA6D
:105F200080F040090190FFE701989DF81310884226
:105F300019D1FFE70698002101630698202280F816
:105F40003D20069880F83E100698016C41F0200133
:105F50000164FFE70698002180F83C10FFE701206C
:105F60008DF81F0006E0FFE7FFE78CE700208DF8C3
:105F70001F00FFE79DF81F0008B080BD80B588B006
:105F80000690059104920393FFE79DF816000128FF
:105F90000CD1FFE7069800684069BDF8141008406E
:105FA000401AB0FA80F0400902900BE006980068B1
:105FB0008069BDF814100840401AB0FA80F040091A
:105FC0000290FFE7029800287CD1FFE7069800685E
:105FD000406900F480600121B1EB902F24D1FFE7EC
:105FE00006980068016841F4007101600698006835
:105FF0006FF48061416106980021016306982022B8
:1060000080F83D20069880F83E100698016C41F01B
:1060100004010164FFE70698002180F83C10FFE7C7
:1060200001208DF81F0051E004980130002848D06D
:10603000FFE7FAF71BFF0399401A0499884204D836
:10604000FFE7049800283BD1FFE79DF816000128E0
:106050000CD1FFE7069800684069BDF814100840AD
:10606000401AB0FA80F0400901900BE006980068F1
:106070008069BDF814100840401AB0FA80F0400959
:106080000190FFE70198002819D1FFE70698002149
:1060900001630698202280F83D20069880F83E1083
:1060A0000698016C41F020010164FFE70698002189
:1060B00080F83C10FFE701208DF81F0006E0FFE7A5
:1060C000FFE762E700208DF81F00FFE79DF81F0043
:1060D00008B080BD80B584B0029001910092FFE7C6
:1060E00002980068406900F040000021B1EB901F69
:1060F00057D1FFE702980068406900F010000121C5
:10610000B1EB101F1CD1FFE7029800686FF010017F
:1061100041610298002101630298202280F83D200D
:10612000029880F83E100298016C0164FFE7029823
:10613000002180F83C10FFE701208DF80F0034E0CB
:10614000FAF794FE0099401A0199884204D8FFE7B3
:106150000198002824D1FFE702980068406900F008
:1061600040000021B1EB901F19D1FFE702980021F8
:1061700001630298202280F83D20029880F83E10AA
:106180000298016C41F020010164FFE702980021B0
:1061900080F83C10FFE701208DF80F0005E0FFE7D5
:1061A0009EE700208DF80F00FFE79DF80F0004B078
:1061B00080BD000083B001900020009040F20400F8
:1061C000C2F20000006848F21F51C5F2EB11A0FBBB
:1061D0000101C90844F6D352C1F26202A1FB0212C6
:1061E000920902EB82020092FFE7009801380090CA
:1061F0000098002809D1FFE70198016C41F02001C7
:10620000016401208DF80B000DE0FFE701980068A4
:10621000006800F40070B0F5007FE6D0FFE70020D2
:106220008DF80B00FFE79DF80B0003B070470000EE
:1062300080B584B0029001910092FFE70298006857
:106240004069C0B20021B1EBD01F40D1FFE70298F6
:10625000FEF7B2FB002804D0FFE701208DF80F0005
:1062600039E001980130002830D0FFE7FAF7FEFD51
:106270000099401A0199884204D8FFE70198002844
:1062800023D1FFE7029800684069C0B20021B1EB5A
:10629000D01F19D1FFE70298002101630298202244
:1062A00080F83D20029880F83E100298016C41F081
:1062B00020010164FFE70298002180F83C10FFE70D
:1062C00001208DF80F0006E0FFE7FFE7B6E70020AA
:1062D0008DF80F00FFE79DF80F0004B080BD0000AF
:1062E00080B586B0059005984078532843D1FFE7E4
:1062F00005988178C07841EA0020ADF81200059831
:106300000179407941EA0020ADF8100005988179C3
:10631000C07941EA0020ADF80E00BDF81200FAF78E
:1063200062F94FF08E410291F9F7AAFF0021C4F201
:1063300034310191F9F772FF40F2D441C2F2000109
:106340004860BDF810000091FAF74DF90299F9F78D
:1063500097FF0199F9F762FF00990860BDF80E00F8
:10636000FAF741F90299F9F78BFF0199F9F756FF0E
:1063700000998860FFE706B080BD000080B58CB052
:1063800000200B900A9009900890FFE741F2180056
:10639000C4F20200016841F020010160006800F0D1
:1063A000200007900798FFE7FFE741F21800C4F2CA
:1063B0000200016841F004010160006800F004007F
:1063C00006900698FFE7FFE741F21800C4F20200CA
:1063D000016841F008010160006800F008000590C4
:1063E0000598FFE740F60040C4F201004FF4704109
:1063F000002204900391FAF71FFD3B200890002033
:10640000C1F21100099002210A9108AA049B02908E
:106410001846019111460092FAF75EFB0398089026
:106420000121099101990A910B9104980099FAF7B9
:1064300053FB4FF4184008900298099001990A9173
:1064400040F60000C4F201000099FAF745FB0CB0D9
:1064500080BD000080B540F26820C2F2000045F225
:106460000041C4F20001016041F68021C0F2060142
:10647000416000218160C1604FF48042026141614E
:106480008161C1610162FAF7BDFF002803D0FFE717
:10649000FAF720FAFFE780BD80B540F2BC20C2F2D7
:1064A000000045F60001C4F20001016041F68021C0
:1064B000C0F20601416000218160C1604FF480425A
:1064C000026141618161C1610162FAF79BFF0028AD
:1064D00003D0FFE7FAF7FEF9FFE780BD80B58CB087
:1064E00003A824210090F9F736FE002002900190C5
:1064F00040F21031C2F2000142F60042C4F2010241
:106500000A60486088604FF6FF72CA60086148619F
:10651000886103220392049001220592069007905D
:10652000089009920A900B9008460099FCF710FD1C
:10653000002803D0FFE7FAF7CDF9FFE7002001902C
:10654000029040F21030C2F2000001A9FCF7ECFA10
:10655000002803D0FFE7FAF7BDF9FFE70CB080BDD4
:1065600080B58CB003A824210090F9F7F4FD002039
:106570000290019040F25831C2F200014FF0804287
:106580000A60486088604FF6FF72CA6008618861DF
:10659000032203920490012205920690079008902E
:1065A00009920A900B9008460099FCF7D1FC00284C
:1065B00003D0FFE7FAF78EF9FFE700200190029081
:1065C00040F25830C2F2000001A9FCF7ADFA0028F1
:1065D00003D0FFE7FAF77EF9FFE70CB080BD0000BB
:1065E00080B58AB000200990089007900690059029
:1065F000049003900290019040F2A031C2F2000199
:1066000040F20042C4F200020A6047224A608860F9
:1066100040F2E732CA60086188610846FDF74AF82F
:10662000002803D0FFE7FAF755F9FFE700200890AC
:10663000099040F2A030C2F2000008A9FCF774FAF9
:10664000002803D0FFE7FAF745F9FFE76020019043
:10665000002002900390059040F2A031C2F20001A8
:1066600001AA009008461146009AFCF781FF002815
:1066700003D0FFE7FAF72EF9FFE740F2A030C2F2AD
:10668000000001A90422FCF773FF002803D0FFE7F4
:10669000FAF720F9FFE740F2A030C2F20000FCF761
:1066A00033FF0AB080BD000080B586B000200590A1
:1066B0000490039002900190009040F2E831C2F201
:1066C000000140F60002C4F200020A6048608860DF
:1066D0004FF6FF72CA60086188610846FCF792FABB
:1066E000002803D0FFE7FAF7F5F8FFE74FF48050F2
:1066F000029040F2E830C2F2000002A9FCF756FB1B
:10670000002803D0FFE7FAF7E5F8FFE70020009044
:10671000019040F2E830C2F200006946FCF704FA4A
:10672000002803D0FFE7FAF7D5F8FFE706B080BDF1
:1067300080B540F23040C2F2000043F60001C4F2DE
:10674000010101604FF41651416000218160C16078
:1067500001610C2242618161C161FDF781FC002869
:1067600003D0FFE7FAF7B6F8FFE780BD80B540F247
:106770007840C2F2000044F20041C4F2000101601E
:106780004FF4E131416000218160C16001610C2260
:1067900042618161C161FDF763FC002803D0FFE71E
:1067A000FAF798F8FFE780BDFFE7FEE7FFE7FEE7AF
:1067B00088B0079006910592079800F007000490B2
:1067C0000498C0F10700052803D3FFE704200190D7
:1067D00004E00498C0F107000190FFE701980390DE
:1067E00004980430062803D8FFE70020009003E057
:1067F000049803380090FFE70098029006980399E8
:10680000012202FA01F10139084002998840059BF2
:1068100002FA01F101391940084308B0704700003D
:1068200040F26400C2F20000007840F23051C2F23F
:106830000001087040F24C20C2F20000006848607D
:106840000020886040F20C02C2F200025368CB6064
:1068500040F23803C2F20003D3F804C0C1F810C0FC
:1068600092684A619A688A6140F2E042C2F200028C
:106870001268CA610862704781B000900098806910
:1068800040F2B401C2F2000188600098C06948601B
:106890000098006A08600098406AC8600098806AA2
:1068A00008610098C06AC8610098006B8861009810
:1068B000406B48610098806B08620098C06B48622A
:1068C00000984068086300988068C8620098C068B3
:1068D000886200980069486300984069886300985E
:1068E000006C48640098406C08640098806CC86331
:1068F00001B070477047000082B00190019840F2EB
:106900000401C2F200010968C90844F6D352C1F279
:106910006202A1FB0212920950430090FFE700BF00
:10692000FFE70098411E00910028F8D1FFE702B070
:10693000704700007047000080B582B0009000985A
:106940000138B0F1807F03D3FFE70120019019E007
:10695000009801384EF21401CEF2000108604FF0A9
:10696000FF300F2100F046FD4EF21800CEF200007D
:10697000002101604EF21000CEF2000007220260FA
:106980000191FFE7019802B080BD000080B5FBF7E0
:10699000FBFA80BD80B592B008A828210290F9F7D3
:1069A000DAFB0020079006900590049003900121E7
:1069B00008914FF4803209920A900C9102200F90B6
:1069C00010924FF4E01011900298FBF757FD002849
:1069D00003D0FFE7F9F77EFFFFE70F2003900220C7
:1069E0000490002105914FF480620692079103A95B
:1069F000019008460199FBF78BFB002803D0FFE7C5
:106A0000F9F768FFFFE712B080BD00007047000093
:106A100080B540F2E830C2F20000FCF763FC80BDB4
:106A200083B002900191029800680090029842F6AB
:106A30000041C4F20101884215D0FFE70298B0F18D
:106A4000804F10D0FFE7029840F20041C4F20001ED
:106A5000884208D0FFE7029840F60001C4F2000126
:106A600088420AD1FFE7009820F07000009001985A
:106A70004068009908430090FFE7029842F6004101
:106A8000C4F20101884215D0FFE70298B0F1804FAF
:106A900010D0FFE7029840F20041C4F200018842A2
:106AA00008D0FFE7029840F60001C4F200018842D6
:106AB0000AD1FFE7009820F4407000900198C06868
:106AC000009908430090FFE7009820F080000199AA
:106AD000496908430090009802990860019880680D
:106AE0000299C8620198006802998862029842F689
:106AF0000041C4F20101884205D1FFE70198006915
:106B000002990863FFE70298012141610298006938
:106B1000C007002806D0FFE70298016921F00101B3
:106B20000161FFE703B0704784B0039002910192C6
:106B3000029800F01F00012101FA00F00090009877
:106B400003990A6A22EA000008620198029901F09A
:106B50001F01884003990A6A1043086204B0704715
:106B600085B004900391029201930498806800908C
:106B7000009820F47F40009003980299019A41EA1E
:106B80000221084300990843009000980499886006
:106B900005B0704783B00290019102988068009020
:106BA000009820F07000009001980099084340F090
:106BB0000700009000980299886003B070470000B9
:106BC00085B0049003910498006A01900498016ACA
:106BD00021F00101016204984068009004988069E6
:106BE0000290029820F070000290029820F00300BA
:106BF000029003980068029908430290019820F0DF
:106C0000020001900398806801990843019004985C
:106C100042F60041C4F2010188420ED1FFE701981B
:106C200020F0080001900398C06801990843019082
:106C3000019820F004000190FFE7049842F600411B
:106C4000C4F20101884213D1FFE7009820F480705C
:106C50000090009820F4007000900398406900991B
:106C60000843009003988069009908430090FFE76B
:106C700000980499486002980499886103984068D4
:106C80000499486301980499086205B070470000B0
:106C900085B0049003910498006A01900498016AF9
:106CA00021F0100101620498406800900498806906
:106CB0000290029820F4E0400290029820F4407084
:106CC000029003980068029941EA0020029001981E
:106CD00020F02000019003988068019941EA00109B
:106CE0000190049842F60041C4F2010188420FD19C
:106CF000FFE7019820F0800001900398C068019997
:106D000041EA00100190019820F040000190FFE757
:106D1000049842F60041C4F20101884215D1FFE710
:106D2000009820F480600090009820F400600090AB
:106D300003984069009941EA8000009003988069B7
:106D4000009941EA80000090FFE7009804994860AC
:106D500002980499886103984068049988630198AF
:106D60000499086205B0704785B0049003910498B7
:106D7000006A01900498016A21F48071016204980C
:106D8000406800900498C0690290029820F070005A
:106D90000290029820F00300029003980068029984
:106DA00008430290019820F40070019003988068D5
:106DB000019941EA00200190049842F60041C4F292
:106DC000010188420FD1FFE7019820F40060019093
:106DD0000398C068019941EA00200190019820F4CD
:106DE00080600190FFE7049842F60041C4F201017F
:106DF000884215D1FFE7009820F480500090009859
:106E000020F40050009003984069009941EA001076
:106E1000009003988069009941EA00100090FFE714
:106E200000980499486002980499C86103984068E2
:106E30000499C86301980499086205B0704700007E
:106E400085B0049003910498006A01900498016A47
:106E500021F4805101620498406800900498C06950
:106E60000290029820F4E0400290029820F44070D2
:106E7000029003980068029941EA0020029001986C
:106E800020F40050019003988068019941EA003095
:106E90000190049842F60041C4F2010188420BD1EE
:106EA000FFE7009820F48040009003984069009923
:106EB00041EA80100090FFE700980499486002982A
:106EC0000499C8610398406804990864019804997A
:106ED000086205B07047000085B0049003910292EB
:106EE0000498006A00900498016A21F0010101628F
:106EF000049880690190019820F0F00001900298B8
:106F0000019941EA00100190009820F00A000090D9
:106F100003980099084300900198049988610098AB
:106F20000499086205B0704785B0049003910292FD
:106F30000498006A00900498016A21F0100101622F
:106F4000049880690190019820F4704001900298A3
:106F5000019941EA00300190009820F0A0000090D3
:106F60000398009941EA0010009001980499886103
:106F700000980499086205B07047000080B582B09F
:106F800001900198406A009000980021C185009806
:106F9000C1840098FCF742FE02B080BD84B003902B
:106FA000FFE7FFE70398006850E8030F20F49070B4
:106FB0000290FFE702980399096841E80302002A5A
:106FC000F0D1FFE7FFE7FFE7FFE70398006850E82D
:106FD000050F20F001000190FFE70198039909686F
:106FE00041E80502002AF0D1FFE7FFE70398006BB4
:106FF000012814D1FFE7FFE7FFE70398006850E896
:10700000030F20F010000090FFE700980399096833
:1070100041E80302002AF0D1FFE7FFE7FFE703980A
:10702000202180F8421003980021016304B07047CA
:1070300080B582B0019001980068C16821F04001DC
:10704000C1600198202180F841100198FDF772FA83
:10705000002002B080BD000080B586B00490049886
:1070600090F84200222840F0A780FFE7049880684B
:10707000B0F5805F16D1FFE704980069002811D1B0
:10708000FFE7002003900498806A0290049800684B
:1070900040686FF35F20029908800498816A02318A
:1070A000816227E00498806A03900020029004988F
:1070B0008068B0F5805F0AD0FFE7049880680028F8
:1070C0000BD1FFE704980069002806D1FFE7049878
:1070D000006840680399087007E0049800684068F9
:1070E00000F07F0003990870FFE70498816A01317E
:1070F0008162FFE70498C18D0139C1850804002829
:1071000056D1FFE704980068C16821F02001C160F2
:1071100004980068C16821F48071C1600498006817
:10712000416921F0010141610498202180F8421059
:107130000498002141630498006B012830D1FFE7D7
:10714000049800210163FFE7FFE70498006850E816
:10715000030F20F010000190FFE7019804990968DF
:1071600041E80302002AF0D1FFE7FFE70498006836
:107170000068C00600280ED5FFE7FFE7002000905A
:1071800004980068006800900498006840680090C7
:107190000098FFE7FFE70498818DFCF737FD03E0D7
:1071A0000498FDF78FF8FFE700208DF8170007E03F
:1071B00000208DF8170003E002208DF81700FFE78C
:1071C0009DF8170006B080BD80B584B00390039889
:1071D0000068006920F4405003990A68C9680843B0
:1071E0001061039881680269406911430843029065
:1071F00003980068C06841F20C6188430299084313
:1072000003990968C86003980068406920F44070D9
:1072100003990A688969084350610398006843F636
:107220000001C4F20101884204D1FFE7FBF7B4F882
:10723000019003E0FBF79EF80190FFE70198192108
:10724000484303990A6849688900B0FBF1F048F2A5
:107250001F51C5F2EB11A0FB013C4FEA5C1C4FF043
:10726000640E0CFB1E004FF0320E0EEB0010A0FB64
:1072700001014FF0F00E0EEA511E0EEB0C1CC1F393
:1072800043116144916004B080BD000083B0134697
:1072900002900191ADF80220019802998862BDF830
:1072A000020002998885BDF802000299C8850298FB
:1072B000002141640298222180F84210029800695E
:1072C000002807D0FFE702980068C16841F4807188
:1072D000C160FFE702980068416941F00101416126
:1072E00002980068C16841F02001C160002003B02D
:1072F0007047000083B00190019890F84100212868
:107300003CD1FFE701988068B0F5805F14D1FFE7BA
:107310000198006900280FD1FFE70198006A0090EA
:10732000009800886FF35F20019909684860019810
:10733000016A0231016208E00198016A4A1C026296
:107340000878019909684860FFE70198C18C013904
:10735000C184080400280DD1FFE701980068C168C6
:1073600021F08001C16001980068C16841F04001CE
:10737000C160FFE700208DF80B0003E002208DF8CC
:107380000B00FFE79DF80B0003B0704780B540F29B
:107390003040C2F20000FCF745FC80BD80B540F2F1
:1073A0007840C2F20000FCF73DFC80BDFFE7FEE73D
:1073B00081B001468DF803009DF9030000280FD429
:1073C000FFE79DF9030000F01F01012202FA01F11D
:1073D00040094EF20012CEF2000242F82010FFE700
:1073E00001B070474EF60C50CEF200000068C0F3BA
:1073F0000220704782B002468DF8070000919DF987
:10740000070000280AD4FFE7009800019DF9071043
:107410004EF20042CEF2000288540BE000980001C8
:107420009DF8071001F00F014EF61452CEF2000243
:107430008854FFE702B0704783B00290029800F0D2
:10744000070000904EF60C50CEF20000016801914A
:1074500001994FF6FF02114001910199009A41EA0A
:1074600002210022C0F2FA521143019101990160F8
:1074700003B0704781B00146ADF80200BDF80200CC
:10748000C2B2000A02FA00F0013080B201B07047C7
:1074900080B586B005900491049810F57A7F06DADD
:1074A000FFE74FF61840CFF6FF70049009E004980C
:1074B000B0F57A7F04DDFFE74FF47A700490FFE7C0
:1074C000FFE70498B0F1FF3F3BDCFFE7059802F0CF
:1074D0000DFD0598406A002808D1FFE70498404256
:1074E0000146059A126A1268506329E00598406ABD
:1074F000042809D1FFE7049840420146059A126A20
:1075000012689063039119E00598406A082809D130
:10751000FFE7049840420146059A126A1268D06358
:10752000029108E0049840420146059A126A1268E6
:1075300010640291FFE702980390FFE70398FFE7CA
:1075400032E0059802F0EAFC0598406A002806D16E
:10755000FFE704980599096A0968486323E00598DC
:10756000406A042807D1FFE704980599096A096869
:107570008863019015E00598406A082807D1FFE765
:1075800004980599096A0968C863009006E00498A0
:107590000599096A096808640090FFE7009801905E
:1075A000FFE70198FFE7FFE706B080BD83B0014623
:1075B000ADF8080000200190ADF80200BDF8080009
:1075C00001281CDBFFE7BDF8080001380190FFE748
:1075D0000198000A002809D0FFE7019840080190AF
:1075E000BDF802000130ADF80200F1E7BDF802007D
:1075F0009DF8041041EA0020ADF80A0003E00020E5
:10760000ADF80A00FFE7BDF80A0003B070470000BC
:1076100080B582B040F22C50C2F20000002101601F
:1076200040F2EC40C2F2000040220190009111466D
:10763000F8F791FD40F23050C2F200002421F8F733
:107640008AFD40F25450C2F200000099816041600E
:10765000016040F2B400C2F20000426F019B1A6167
:10766000C26D5A61026E1A63826C5A63426E9A63EB
:10767000C26CDA63D0F8B0209A60D0F8B420DA6037
:10768000826E9A61026DDA61C26E1A62426D5A624E
:10769000026F9A62826DDA62D0F8D8201A60D0F850
:1076A000DC00586002B080BD80B5C0B040F2305000
:1076B000C2F2000090F9000001460128369106D080
:1076C000FFE73698022800F09C8200F0DFBD40F210
:1076D0003050C2F20000C1684069F8F799FD3B9054
:1076E00040F2B400C2F200003B99826AD0F88830C0
:1076F000359010463493F8F791FD40F2EC41C2F218
:1077000000014A6B33911146F8F782FD3499F8F77E
:1077100085FD3D903598006B3B99F8F77FFD3399D7
:10772000096BF8F723FD3D99F8F720FD399039985A
:107730003599D1F8A010F8F7FAFE00280BD1FFE731
:10774000399840F2B401C2F20001D1F8A010F8F764
:107750005FFD3A9018E0399840F2B401C2F200019E
:10776000896FF8F7F2FE002803D1FFE700203A9076
:1077700009E0399840F2B401C2F20001896FF8F7CC
:1077800047FD3A90FFE7FFE740F2B400C2F2000085
:10779000D0F8C0103A9A329008461146F8F7F1FE38
:1077A000B0FA80F040098DF8DD003298C16A3B984C
:1077B000F8F734FD3B903A983299D1F8C010F8F7B9
:1077C000B6FE002809D1FFE740F2B400C2F2000083
:1077D00090F810018DF8DF0008E040F2B400C2F22A
:1077E000000090F811018DF8DF00FFE73B9840F2B0
:1077F000B401C2F20001D1F8C010F8F798FE0028D9
:1078000009D1FFE740F2B400C2F2000090F8120183
:107810008DF8DE0008E040F2B400C2F2000090F8FB
:1078200013018DF8DE00FFE7399840F2B401C2F28F
:107830000001D1F8A010F8F77AFE00280CD1FFE77C
:1078400040F2B400C2F20000D0F8A00040F2EC41D7
:10785000C2F2000188601DE0399840F2B401C2F222
:107860000001896FF8F77FFE00280BD1FFE740F297
:10787000B400C2F20000806F40F2EC41C2F200019D
:10788000886006E0399840F2EC41C2F2000188605D
:10789000FFE7FFE740F23050C2F200000169806963
:1078A000F8F7B6FC3A9040F2B400C2F200003A9900
:1078B000826AD0F88C30319010463093F8F7AEFCE5
:1078C00040F2EC41C2F20001CA6B2F911146F8F769
:1078D0009FFC3099F8F7A2FC39903198006B3A99E7
:1078E000F8F79CFC2F99896BF8F740FC3999F8F769
:1078F0003DFC389038983199D1F8A410F8F717FE6C
:10790000002815D1FFE7389840F2B401C2F2000117
:10791000D1F8A4202E911146F8F77AFC3E902E98CB
:10792000D0F8A41040F2EC42C2F20002D16035E07F
:10793000389840F2B401C2F20001C96FF8F705FEB1
:10794000002803D1FFE700203E9009E0389840F27C
:10795000B401C2F20001C96FF8F75AFC3E90FFE78C
:10796000389840F2B401C2F20001C96FF8F7FBFD8C
:1079700000280BD1FFE740F2B400C2F20000C06F54
:1079800040F2EC41C2F20001C86006E0389840F2D3
:10799000EC41C2F20001C860FFE7FFE740F2B4002B
:1079A000C2F20000C16A3A98F8F738FC3A909DF8A4
:1079B000DD0000280FD0FFE79DF9DF009DF9DE1004
:1079C000884208D1FFE740F2B400C2F20000D0F8CC
:1079D000B8003B90FFE740F2B400C2F20000D0F8DC
:1079E000C4103B9A2D9008461146F8F717FC40F258
:1079F000EC41C2F200010A6B2C9010462C9A2B919C
:107A00001146F8F7B3FB2B990863086B2D9A516B5D
:107A1000F8F78DFD00280BD1FFE740F2B400C2F269
:107A20000000406B40F2EC41C2F2000108631AE032
:107A300040F2EC40C2F20000006B40F2B401C2F22E
:107A40000001896BF8F78FFD00280BD1FFE740F2AA
:107A5000B400C2F20000806B40F2EC41C2F20001BF
:107A60000863FFE7FFE740F2B400C2F20000D0F87D
:107A7000C8103D9A2A9008461146F8F7CFFB40F20D
:107A8000EC41C2F200014A6B29901046299A2891D4
:107A90001146F8F76BFB289948633E982A9AD2F86A
:107AA000CC10F8F744FD002809D1FFE740F2B400FC
:107AB000C2F2000090F814018DF8DF0008E040F2F7
:107AC000B400C2F2000090F815018DF8DF00FFE766
:107AD0003A9840F2B401C2F20001D1F8CC10F8F7A4
:107AE00026FD002809D1FFE740F2B400C2F20000F1
:107AF00090F816018DF8DE0008E040F2B400C2F202
:107B0000000090F817018DF8DE00FFE740F2B400A6
:107B1000C2F20000D0F8CC003E99F8F732FD002800
:107B20000FD1FFE79DF9DF009DF9DE10884208D1F3
:107B3000FFE740F2B400C2F20000D0F8BC003A9077
:107B4000FFE740F2B400C2F20000D0F8D0103A9A39
:107B5000279008461146F8F761FB40F2EC41C2F26B
:107B600000018A6B26901046269A25911146F8F757
:107B7000FDFA25998863886B279A516BF8F7D7FC33
:107B800000280BD1FFE740F2B400C2F20000406BC6
:107B900040F2EC41C2F2000188631AE040F2EC408E
:107BA000C2F20000806B40F2B401C2F20001896BA6
:107BB000F8F7D9FC00280BD1FFE740F2B400C2F27D
:107BC0000000806B40F2EC41C2F200018863FFE7E5
:107BD000FFE740F2B400C2F20000D0F8D4003999B7
:107BE000F8F71CFB40F2EC41C2F20001CA6B249092
:107BF0001046249A23911146F8F7B8FA2399C863DE
:107C000044E340F23050C2F20000416880682290A4
:107C100008462299F8F7FCFA3B903B980021C4F201
:107C20003431F8F784FC002808D1FFE73B980021A5
:107C3000CCF2B431F8F79AFA3B9011E03B9800216E
:107C4000CCF23431F8F78FFC002808D1FFE73B98DD
:107C50000021C4F2B431F8F789FA3B90FFE7FFE75F
:107C600040F2B400C2F200003B990268D0F89030B4
:107C7000219010462093F8F7D1FA40F2EC41C2F27D
:107C80000001CA691F911146F8F7C2FA2099F8F766
:107C9000C5FA3D90219880683B99F8F7BFFA1F9983
:107CA0008969F8F763FA3D99F8F760FA3A903A98DB
:107CB00040F23051C2F20001CA681E911146F8F735
:107CC000A7FA39901E9801693A98F8F7A1FA3A9004
:107CD000399921984069219AD2F894301D93F8F788
:107CE0009DFA1F99496AF8F793FA1D99F8F796FAE1
:107CF00038902198C0693999F8F790FA1F99096A64
:107D0000F8F734FA3899F8F731FA3C903C98219911
:107D1000D1F8A810F8F70BFC00280BD1FFE73C982E
:107D200040F2B401C2F20001D1F8A810F8F770FADD
:107D30003E901AE03C9840F2B401C2F20001D1F842
:107D40008010F8F702FC002803D1FFE700203E90E6
:107D50000AE03C9840F2B401C2F20001D1F8801070
:107D6000F8F756FA3E90FFE7FFE740F2B400C2F2A0
:107D700000008169399A1C901046F8F74FFA399043
:107D80003E981C99D1F8F010F8F7D1FB002809D1E2
:107D9000FFE740F2B400C2F2000090F818018DF83D
:107DA000DF0008E040F2B400C2F2000090F81901D0
:107DB0008DF8DF00FFE7399840F2B401C2F200010C
:107DC000D1F8F010F8F7B3FB002809D1FFE740F233
:107DD000B400C2F2000090F81A018DF8DE0008E04D
:107DE00040F2B400C2F2000090F81B018DF8DE00F2
:107DF000FFE740F2B400C2F20000D0F8F0003E9974
:107E0000F8F7BFFB00280FD1FFE79DF9DF009DF9D0
:107E1000DE10884208D1FFE740F2B400C2F2000051
:107E2000D0F8E0003E9002E039983E90FFE73C98A1
:107E300040F2B401C2F20001D1F8A810F8F777FBC4
:107E400000280CD1FFE740F2B400C2F20000D0F8E5
:107E5000A80040F2EC41C2F2000108601FE03C982B
:107E600040F2B401C2F20001D1F88010F8F77BFBB8
:107E700000280CD1FFE740F2B400C2F20000D0F8B5
:107E8000800040F2EC41C2F20001086006E03C983C
:107E900040F2EC41C2F200010860FFE7FFE740F268
:107EA000B400C2F200003A994269D0F898301B90B1
:107EB00010461A93F8F7B2F940F2EC41C2F2000111
:107EC000CA6A19911146F8F7A3F91A99F8F7A6F9B1
:107ED0003C901B98C0693A99F8F7A0F91999896AFA
:107EE000F8F744F93C99F8F741F9399039981B991A
:107EF000D1F8AC10F8F71BFB002815D1FFE7399833
:107F000040F2B401C2F20001D1F8AC201891114640
:107F1000F8F77EF93F901898D0F8AC1040F2EC4298
:107F2000C2F20002516039E0399840F2B401C2F265
:107F30000001D1F88410F8F708FB002803D1FFE70F
:107F400000203F900AE0399840F2B401C2F20001EB
:107F5000D1F88410F8F75CF93F90FFE7399840F2C8
:107F6000B401C2F20001D1F88410F8F7FCFA00283D
:107F70000CD1FFE740F2B400C2F20000D0F8840058
:107F800040F2EC41C2F20001486006E0399840F24C
:107F9000EC41C2F200014860FFE7FFE740F2B400A5
:107FA000C2F2000081693A9A17901046F8F736F944
:107FB0003A903B9917984068179AD2F8E830169390
:107FC000F8F72CF91699F8F729F940F2EC41C2F2CA
:107FD00000018A6915901046159A14911146F8F718
:107FE000C5F8149988618869179AD168F8F79FFADB
:107FF00000280BD1FFE740F2B400C2F20000C068D5
:1080000040F2EC41C2F2000188611AE040F2EC401B
:10801000C2F20000806940F2B401C2F200010969B5
:10802000F8F7A1FA00280BD1FFE740F2B400C2F242
:108030000000006940F2EC41C2F200018861FFE7F4
:10804000FFE740F2B400C2F20000D0F8EC103D9A15
:10805000139008461146F8F7E1F840F2EC41C2F2FD
:108060000001CA6912901046129A11911146F8F750
:108070007DF81199C8611398D0F8F4003E99F8F78B
:10808000CDF811990A6A109010461099F8F76EF819
:1080900011990862086A139A116AF8F748FA0028D9
:1080A0000BD1FFE740F2B400C2F20000006A40F2D8
:1080B000EC41C2F2000108621AE040F2EC40C2F268
:1080C0000000006A40F2B401C2F20001496AF8F708
:1080D0004AFA00280BD1FFE740F2B400C2F20000D8
:1080E000406A40F2EC41C2F200010862FFE7FFE79C
:1080F00040F2B400C2F20000D0F8F810389A0F90A5
:1081000008461146F8F78AF840F2EC41C2F2000145
:108110004A6A0E9010460E9A0D911146F8F726F80D
:108120000D9948623F980F9AD2F8FC10F8F7FFF9C2
:10813000002809D1FFE740F2B400C2F2000090F835
:108140001C018DF8DF0008E040F2B400C2F200002C
:1081500090F81D018DF8DF00FFE73A9840F2B40176
:10816000C2F20001D1F8FC10F8F7E1F9002809D1BA
:10817000FFE740F2B400C2F2000090F81E018DF853
:10818000DE0008E040F2B400C2F2000090F81F01E7
:108190008DF8DE00FFE740F2B400C2F20000D0F834
:1081A000FC003F99F8F7EDF900280FD1FFE79DF9A2
:1081B000DF009DF9DE10884208D1FFE740F2B400ED
:1081C000C2F20000D0F8E4003A90FFE740F2B400B9
:1081D000C2F20000D0F800113A9A0C9008461146FD
:1081E000F8F71CF840F2EC41C2F200018A6A0B90E9
:1081F00010460B9A0A911146F7F7B8FF0A99886260
:10820000886A0C9A116AF8F792F900280BD1FFE7F7
:1082100040F2B400C2F20000006A40F2EC41C2F247
:10822000000188621AE040F2EC40C2F20000806A6D
:1082300040F2B401C2F20001496AF8F794F900284B
:108240000BD1FFE740F2B400C2F20000406A40F2F6
:10825000EC41C2F200018862FFE7FFE740F2B400A0
:10826000C2F20000D0F804013C99F7F7D7FF40F2C2
:10827000EC41C2F20001CA6A09901046099A0891BD
:108280001146F7F773FF0899C862FFE740F23050D4
:10829000C2F2000090F9000001280DD1FFE740F282
:1082A000EC40C2F20000816840F25452C2F2000277
:1082B0001160C06850600CE040F2EC40C2F2000077
:1082C000016840F25452C2F20002116040685060EE
:1082D000FFE740F23050C2F20000C169006A079027
:1082E00008460799F7F794FF3B9040F2B400C2F2BA
:1082F00000003B99C26BD0F89C3006901046059365
:10830000F7F78CFF40F2EC41C2F200014A69049198
:108310001146F7F77DFF0599F7F780FF3D90069826
:10832000406C3B99F7F77AFF04990969F7F71EFF4C
:108330003D99F7F71BFF40F25451C2F200018860EB
:108340003B990698006C069AD2F808310393F7F728
:1083500065FF0399F7F762FF04990A6902901046D6
:108360000299F7F703FF049908610698D0F80C0109
:108370003D99F7F753FF04994A6901901046019916
:10838000F7F7F4FE0499486140B080BD80B58EB027
:1083900040F27670ADF816004FF47070ADF814002E
:1083A0004FF42570ADF8120040F24E21ADF81010D8
:1083B00040F2B221ADF80E10ADF80C0040F22620CC
:1083C000ADF80A0040F6363001900CA8009000F09D
:1083D0004BF806A9009800F06FF89DF830000028CF
:1083E00007D0FFE709980199084400F24E20019058
:1083F000FFE79DF83200002808D0FFE709980199AF
:1084000001EB400000F2645001900CE09DF8310057
:10841000002807D0FFE709980199084400F5257066
:108420000190FFE7FFE79DF83300002807D0FFE742
:108430000A980199084400F525700190FFE79DF81E
:108440003400002807D0FFE70B980199084400F298
:1084500026200190FFE7019840F26021C2F200015E
:10846000086001980EB080BD80B582B001900120F7
:1084700001F020FC8DF803009DF80300C0F300100C
:10848000019908709DF80300C0F3C000019988703D
:108490009DF80300C0F38000019948709DF8030027
:1084A000C0F380100199C8709DF80300C0090199BC
:1084B000087102B080BD000080B586B005900491BF
:1084C000002000F0E9F804990880462001F0F2FB52
:1084D00001300499888004988188007803900846C8
:1084E000039901F015FF0499C860512001F01AFCAE
:1084F000FEF7C0FF0499C8800498C18800780290F4
:108500000846029901F004FF04990861012000F077
:10851000C3F804994880712001F004FCFEF7AAFF1B
:10852000049908810598C078002806D0FFE70498D0
:10853000C1880289511A0181FFE704980189807876
:1085400001900846019901F0E3FE0499486106B0E4
:1085500080BD000080B58EB00C900B918020012171
:108560000990089101F0FCFFFF200790089901F0A5
:10857000F7FF00200690069901F0F2FF0621079808
:1085800001F0EEFF8320059001F094FB40F0040120
:10859000059801F0E5FF0721079801F0E1FF812030
:1085A000089901F0DDFF0998089901F0D9FF94209E
:1085B0006B2101F0D5FF0598069901F0D1FFF8F77E
:1085C00055FC40F26621C2F200010880FFE78320DB
:1085D00001F070FB00281ED1FFE740F25C20C2F2E0
:1085E00000000088012815DBFFE7F8F73FFC80B2A8
:1085F00040F26621C2F200010988401A40F25C2173
:10860000C2F200010988884204DDFFE700208DF8EE
:1086100037003CE0DBE7832001210490039101F067
:108620009FFF922001F046FB8DF82B009DF82B0058
:1086300000F07F000C9908709DF82B00C0090B9981
:10864000087081200021029101F08AFFFF2006219D
:10865000019001F085FF049801F02CFB00F0FB0174
:10866000049801F07DFF0198039901F079FF0298C9
:10867000039901F075FF0198029901F071FF8020C4
:10868000029901F06DFF03988DF83700FFE79DF820
:1086900037000EB080BD000080B582B001468DF875
:1086A00006009DF80600002809D1FFE7502001F0E0
:1086B00001FB022101EB40008DF8070011E09DF85D
:1086C0000600012809D1FFE7702001F0F3FA02212A
:1086D00001EB40008DF8070003E0FF208DF8070054
:1086E000FFE79DF8070002B080BD000080B5ACB088
:1086F00002468DF8AE002A912A9940F2F010C2F29B
:108700000000542326921A46F7F70CFD40F2E4408D
:10871000C2F200000021017041708170C1709DF8AB
:10872000AE0000280AD0FFE78920259001F0C2FAA8
:1087300040F00101259801F013FFFFE78820002198
:10874000249101F00DFF802001212390229101F05E
:1087500007FFFF202190229901F002FF249824991D
:1087600001F0FEFE912001F0A5FA40F26421C2F270
:10877000000108702498229901F0F2FE21982499B2
:1087800001F0EEFE2398249901F0EAFE602020908B
:1087900001F090FA40F01201209801F0E1FE4FF054
:1087A0007A5001F0D3FB22991F900846219901F0DD
:1087B000D7FE0DF1A7000DF1A601FFF7CBFE0028B3
:1087C00004D1FFE700208DF8AF000CE2B02028A90B
:1087D000062201F0C3F9FF2001211E9001F0C0FE26
:1087E0004F2000211D9101F0BBFE4E202C2101F0F5
:1087F000B7FE1E981D9901F0B3FEB620B42101F01A
:10880000AFFE9DF8A600002818BF0C208DF89F0031
:108810001D988DF89E008DF89D00FFE79DF89D0046
:108820002F2837DCFFE79DF89D009DF89F108842B8
:1088300007DBFFE79DF89E009DF8A71088420ED148
:10884000FFE79DF89D0000F00701012202FA01F107
:10885000C00828AA135C23EA0101115413E09DF813
:108860009D00C10828AA515C00F0070021FA00F021
:10887000C007002806D0FFE79DF89E0001308DF864
:108880009E00FFE7FFE7FFE79DF89D0001308DF8B0
:108890009D00C3E7B02028A906221C9201F02AFE01
:1088A000FF2001211B901A9101F05AFE002019901F
:1088B000199901F055FE1B98199901F051FE0920F4
:1088C0001890199901F04CFE1020199901F048FEFA
:1088D0001120199901F044FE24201A9901F040FE5C
:1088E000252017901B9901F03BFE7520199901F086
:1088F00037FE1B981A9901F033FE4E202C2101F00F
:108900002FFE48201690199901F02AFE30202021D0
:108910001590149101F024FE1B98199901F020FE86
:108920001598189901F01CFE5420199901F018FEB1
:10893000312004211390129101F012FE3220032104
:108940001190109101F00CFE402083210F9001F056
:1089500007FE46200E90179901F002FE602019993B
:1089600001F0FEFD2720199901F0FAFD50201C9915
:1089700001F0F6FD5120199901F0F2FD52209621E7
:1089800001F0EEFD562008210D9101F0E9FD572080
:10899000159901F0E5FD6120199901F0E1FD6220D2
:1089A000199901F0DDFD6420199901F0D9FD6520C8
:1089B000199901F0D5FD6620A02101F0D1FD1B9889
:1089C0001A9901F0CDFD2220119901F0C9FD47202F
:1089D00014210C9001F0C4FD49201B9901F0C0FD49
:1089E0004A20199901F0BCFD1B98199901F0B8FDB6
:1089F0007A200A210B9101F0B3FD7B20199901F037
:108A0000AFFD7820212101F0ABFD1B981A9901F0F0
:108A1000A7FD232034210A9101F0A2FD42201999DB
:108A200001F09EFD442009901B9901F099FD45201D
:108A30002621089001F094FD05200E990790084624
:108A4000079901F08DFD0F980F9901F089FD0E2017
:108A50001C9901F085FD1A21149801F081FD432035
:108A60000F9901F07DFD1B98199901F079FD0A9885
:108A7000109901F075FD3520099901F071FD1B98E1
:108A80001A9901F06DFD1398129901F069FD4B20C0
:108A9000189901F065FD4C20079901F061FD4D200A
:108AA000129901F05DFD1B98199901F059FD099883
:108AB000199901F055FD0898149901F051FD0C9891
:108AC0000D9901F04DFD2821169801F049FD672010
:108AD000199901F045FD7020129901F041FD7120B6
:108AE0001A9901F03DFD7220FE2101F039FD76203A
:108AF000199901F035FD7720199901F031FD1B9886
:108B00001A9901F02DFD0D201A9901F029FD1B98ED
:108B1000199901F025FD802006901A9901F020FD99
:108B2000F8211A9801F01CFD1B981A9901F018FD04
:108B30008E201A9901F014FD19981A9901F010FD70
:108B40001B98199901F00CFD0698199901F008FD80
:108B50000B98129901F004FD8420059001F0AAF809
:108B600000F0EF01059801F0FBFC0B201A9901F0D1
:108B7000F7FCFFF70BFC40F26021C2F20001086035
:108B8000E8201A9A04901046049B0391194601F0BC
:108B9000E7FC0398006801F0FFF81A990290084674
:108BA00001F0DEFC0F9800F089FF002804D1FFE7F8
:108BB00000208DF8AF0016E00120022101F0D0FC6A
:108BC000002000F07BFF002804D1FFE700208DF893
:108BD000AF0008E00120E821019001F0C1FC0198FC
:108BE0008DF8AF00FFE79DF8AF002CB080BD00000E
:108BF00080B5A2B040F60000C4F201004FF400615D
:108C0000F8F702F9012824D1FFE740F28450C2F2BC
:108C10000000C0690021C4F2A011F7F7A4FC0028ED
:108C200016D1FFE740F28450C2F20000C1692190E2
:108C30000846F7F7F6FC4FF0333243F23333C4F211
:108C40000303F7F75BFBF7F7FFFC2199C861FFE728
:108C50001BE040F28450C2F20000C0690021F7F727
:108C600066FC002810D1FFE740F28450C2F20000F9
:108C7000C1690022CBF68072209008461146F7F7B2
:108C800075FA2099C861FFE7FFE740F60000C4F2DB
:108C900001004FF48051F8F7B7F8012826D1FFE71B
:108CA00040F28450C2F2000080690021C4F2A01199
:108CB000F7F759FC002818D1FFE740F28450C2F2C0
:108CC000000081691F900846F7F7ABFC4CF6CD42D7
:108CD000CCF6CC424CF6CC43C4F20003F7F70EFBC3
:108CE000F7F7B2FC1F998861FFE721E040F284505A
:108CF000C2F2000080690021F7F719FC002816D1A4
:108D0000FFE740F28450C2F2000081691E900846DD
:108D1000F7F787FC4FF0333243F23333CBF6F3737C
:108D2000F7F7ECFAF7F790FC1E998861FFE7FFE789
:108D300040F60000C4F201004FF40041F8F764F877
:108D400001281DD1FFE740F28450C2F200004069C3
:108D50000021C4F2A011F7F706FC00280FD1FFE7AD
:108D600040F28450C2F2000041694FF080421D90F1
:108D700008461146F7F7FAF91D994861FFE71BE02D
:108D800040F28450C2F2000040690021F7F7CFFBA7
:108D9000002810D1FFE740F28450C2F20000416980
:108DA0000022CBF680721C9008461146F7F7DEF9D8
:108DB0001C994861FFE7FFE740F60040C4F201005C
:108DC0000821F8F721F801281DD1FFE740F284506F
:108DD000C2F2000000690021C4F2A011F7F7C3FB42
:108DE00000280FD1FFE740F28450C2F20000016971
:108DF0004FF080421B9008461146F7F7B7F91B99D0
:108E00000861FFE723E040F28450C2F200000069ED
:108E10000021F7F78CFB002818D1FFE740F28450BF
:108E2000C2F2000001691A900846F7F7FAFB4CF607
:108E3000CD42CCF6CC424CF6CC43CBF6F473F7F7EC
:108E40005DFAF7F701FC1A990861FFE7FFE740F6C2
:108E50000040C4F201001021F7F7D6FF01281DD110
:108E6000FFE740F28450C2F20000C0680021C4F263
:108E7000A011F7F778FB00280FD1FFE740F28450EC
:108E8000C2F20000C1684FF08042199008461146B6
:108E9000F7F76CF91999C860FFE723E040F28450B6
:108EA000C2F20000C0680021F7F741FB002818D18A
:108EB000FFE740F28450C2F20000C16818900846F3
:108EC000F7F7AFFB4CF6CD42CCF6CC424CF6CC4398
:108ED000CBF6F473F7F712FAF7F7B6FB1899C860F8
:108EE000FFE7FFE740F60040C4F201002021F7F75A
:108EF0008BFF01281DD1FFE740F28450C2F2000031
:108F000080680021C4F2A011F7F72DFB00280FD1D3
:108F1000FFE740F28450C2F2000081684FF08042C7
:108F2000179008461146F7F721F917998860FFE76F
:108F30001BE040F28450C2F2000080680021F7F785
:108F4000F6FA002810D1FFE740F28450C2F2000088
:108F500081680022CBF68072169008461146F7F71A
:108F600005F916998860FFE7FFE740F60040C4F274
:108F700001000221F7F748FF012826D1FFE740F260
:108F80008450C2F2000040680021C4F2A011F7F73B
:108F9000EAFA002818D1FFE740F28450C2F200003C
:108FA000416815900846F7F73CFB4CF6CD42CCF6ED
:108FB000CC424CF6CC43C4F20003F7F79FF9F7F725
:108FC00043FB15994860FFE721E040F28450C2F26C
:108FD000000040680021F7F7AAFA002816D1FFE741
:108FE00040F28450C2F20000416814900846F7F73E
:108FF00018FB4FF0333243F23333CBF6F373F7F70A
:109000007DF9F7F721FB14994860FFE7FFE740F689
:109010000040C4F201000121F7F7F6FE012824D137
:10902000FFE740F28450C2F2000000680021C4F261
:10903000A011F7F798FA002816D1FFE740F2845004
:10904000C2F20000016813900846F7F7EAFA4FF001
:10905000333243F23333C4F20303F7F74FF9F7F730
:10906000F3FA13990860FFE71BE040F28450C2F264
:10907000000000680021F7F75AFA002810D1FFE736
:1090800040F28450C2F2000001680022CBF68072E8
:10909000129008461146F7F769F812990860FFE741
:1090A000FFE740F28450C2F2000000680021F7F7A9
:1090B00068FA002855D1FFE740F28450C2F2000060
:1090C00040680021F7F75DFA00284AD1FFE740F237
:1090D0008450C2F2000080680021F7F752FA00289D
:1090E0003FD1FFE740F28450C2F20000C068002187
:1090F000F7F747FA002834D1FFE740F28450C2F274
:10910000000000690021F7F73CFA002829D1FFE7A9
:1091100040F28450C2F2000040690021F7F731FAB2
:1091200000281ED1FFE740F28450C2F2000080699F
:109130000021F7F726FA002813D1FFE740F2845008
:10914000C2F20000C0690021F7F71BFA002808D11D
:10915000FFE740F27450C2F2000001880131018043
:1091600011E040F27450C2F20000B0F90000012892
:1091700008DBFFE740F27450C2F2000001880139B9
:109180000180FFE7FFE740F27450C2F20000B0F93F
:1091900000002D2817DBFFE740F20000C2F20000BC
:1091A00090F9000001280ED1FFE740F27450C2F29E
:1091B00000000021018040F27650C2F200000188D8
:1091C00001310180FFE740F28450C2F200000168E3
:1091D00042688368D0F80CC040F2000ECCF2023E28
:1091E00011900846714610920F93CDF838C0F7F7EA
:1091F00015F80021CCF28221109A0D901046F7F755
:109200000DF80D990C9008460C99F6F7AFFF002168
:10921000CCF220210F9A0B901046F6F7FFFF0B9926
:109220000A9008460A99F6F7A1FF0021CCF2201116
:109230000E9A09901046F6F7F1FF09990890084632
:109240000899F6F793FF11990A690021C4F22011D9
:1092500007901046F6F7E2FF079906900846069930
:10926000F6F784FF11994A690021C4F22021059084
:109270001046F6F7D3FF0599049008460499F6F7CF
:1092800075FF11998A690021C4F28221039010466A
:10929000F6F7C4FF0399029008460299F6F766FFB5
:1092A0001199CA690021C4F2023101901046F6F703
:1092B000B5FF0199009008460099F6F757FF40F274
:1092C000E041C2F200010860086847F60041CCF6B0
:1092D0001211F7F748F900280AD1FFE740F2E04001
:1092E000C2F2000047F60041CCF612110160FFE720
:1092F00040F2E040C2F20000006847F60041C4F6C8
:109300001211F7F714F900280AD1FFE740F2E04004
:10931000C2F2000047F60041C4F612110160FFE7F7
:1093200022B080BD80B5A2B0002021902090F8F737
:1093300039FE1F90FDF72EFBFDF720F8FDF78AF8A8
:10934000FDF7AAF8FDF7CAF8FDF70AF9FDF748F9A5
:10935000FDF7AAF9FDF7ECF9FDF708FA4FF4AF6055
:10936000F7F798FB01F070F8FEF752F940F2A030E1
:10937000C2F200000168209A4A6301688A631E9065
:109380001146FAF70DFA04211E9A1D901046FAF7BD
:1093900007FA40F2E831C2F200011C900846F9F7E2
:1093A000ADFC40F21031C2F200013C221B90084695
:1093B00011461A92F9F7E8FE40F25831C2F2000164
:1093C000199008461A99F9F7DFFE40F23041C2F2CF
:1093D000000140F2E012C2F2000203231890084696
:1093E000179111461A461693FBF768F840F2E311FD
:1093F000C2F20001179A15901046169AFBF75EF814
:109400000F2114900846F7F745FB40F2A551C2F230
:10941000000101221798FAF727FF40F27841C2F2C3
:10942000000140F2E552C2F20002139008461146D4
:10943000169AFAF719FFFFE700F0BAFF40F20000B2
:10944000C2F2000090F9000001460928129100F2D2
:10945000B3821299DFE811F00A0032009D00180172
:109460003A016401D701F8012202740240F2380087
:10947000C2F200000021C4F21641816040F20C01EA
:10948000C2F200010022CCF216428A6040F2EE22C3
:10949000119010461091F7F7FDFA40F26400C2F205
:1094A00000000221017040F24C20C2F200000021B5
:1094B000016011988160109A91608FE240F2DA1099
:1094C000C2F20000008840F2DC11C2F200010988FB
:1094D000084440F2DE11C2F20001098808444AF64D
:1094E000AB21CAF6AA21A0FB01014908B1F5827F90
:1094F00019DCFFE740F23800C2F200000021C4F29C
:109500000731816040F20C00C2F200000021CCF271
:1095100007318160FDF784F940F20000C2F20000DB
:10952000022101705AE240F2D410C2F20000008819
:1095300040F2D611C2F200010988084440F2D81165
:10954000C2F20001098808444AF6AB21CAF6AA21F2
:10955000A0FB01014908B1F5827F19DCFFE740F269
:109560003800C2F200000021C4F20731816040F2ED
:109570000C00C2F200000021CCF207318160FDF73F
:109580004FF940F20000C2F200000521017025E20F
:1095900024E240F2E840C2F200000221016040F201
:1095A0005020C2F200000088B0F5967F6BDDFFE727
:1095B00040F26400C2F200000221017040F27C50CF
:1095C000C2F200000021C4F24821016000680021BD
:1095D000C4F2B431F6F7ABFF002810D1FFE740F238
:1095E0007C50C2F2000001680022CCF2B4320F902D
:1095F00008461146F6F7BAFD0F990860FFE740F2FA
:109600007C50C2F20000006840F24C21C2F200011E
:10961000086040F25020C2F2000000210180322296
:109620000E9010460D91F7F735FA40F26400C2F241
:109630000000012101700D980E99088040F2B002DF
:10964000C2F2000213884FF0850C03FB0CF00C9261
:10965000F6F7C0FF40F23801C2F2000188600C98B2
:1096600001886FF0C20201FB02F0F6F7B3FF40F28F
:109670000C01C2F20001886040F20000C2F200005A
:1096800003210170FFE7A9E140F25220C2F200007D
:109690000088B0F5FA7F18DDFFE740F60000C4F25D
:1096A00001004FF40061F7F7AFFB01280DD1FFE790
:1096B00040F20000C2F200000421017040F252208A
:1096C000C2F2000000210180FFE787E1C820F7F720
:1096D000E1F940F26400C2F200000221017040F2A0
:1096E0004C20C2F200000021C4F24821016040F287
:1096F0005420C2F200000088972810DBFFE740F2F8
:109700005420C2F200000021018040F20000C2F2A9
:109710000000012101706420F7F7BCF9FFE75DE16B
:1097200040F25620C2F200000088B0F5967F69DD55
:10973000FFE740F26400C2F200000221017040F233
:109740007C50C2F200000021CCF248210160006888
:109750000021F6F708FF002810D1FFE740F27C5007
:10976000C2F2000001680022C4F2B4320B90084635
:109770001146F6F7FBFC0B990860FFE740F27C50BE
:10978000C2F20000006840F24C21C2F20001086001
:1097900040F25620C2F200000021018032220A90DD
:1097A00010460991F7F776F940F26400C2F2000022
:1097B0000121017009980A99088040F2B002C2F2B2
:1097C000000213884FF0C30C03FB0CF00892F6F76D
:1097D00001FF40F23801C2F2000188600898018858
:1097E0006FF0840201FB02F0F6F7F4FE40F20C0188
:1097F000C2F20001886040F20000C2F200000621BF
:109800000170FFE7EAE040F25820C2F20000008851
:10981000B0F5FA7F17DDFFE740F60040C4F2010023
:109820000121F7F7F1FA01280DD1FFE740F200001E
:10983000C2F200000721017040F25820C2F200007D
:1098400000210180FFE7C9E0C820F7F723F940F2C3
:109850006400C2F200000221017040F24C20C2F20A
:1098600000000021CCF24821016040F25A20C2F2EF
:1098700000000088972810DBFFE740F25A20C2F270
:1098800000000021018040F20000C2F2000001212E
:1098900001706420F7F7FEF8FFE79FE040F26400F4
:1098A000C2F200000121017040F23802C2F200024F
:1098B0000023C4F23433936040F20C03C2F200037D
:1098C00040F2000CCCF2343CC3F808C040F2145C07
:1098D00007906046069105920493F7F7DBF80020A5
:1098E00005998860049A90606420F7F7D3F8022005
:1098F0000799087040F24C20C2F200000022C4F226
:10990000B42202604FF41670F7F7C4F8069807996E
:1099100008700022C4F2F022059B9A600022CCF26B
:10992000F022DDF810C0CCF8082040F24C40F7F7E8
:10993000B1F840F20000C2F20000069901704DE05B
:1099400040F23800C2F200000021C4F216318160FA
:1099500040F20C01C2F200010022CCF216328A6001
:109960004FF49662039010460291F7F793F80020A7
:1099700003998860029A9060C82301901846F7F70F
:1099800089F840F26400C2F200000221017040F246
:109990004C21C2F20001019A0A604FF44871009014
:1099A0000846F7F777F801200099087040F20002A6
:1099B000C2F20002107011E040F26400C2F2000036
:1099C0000121017040F23800C2F2000000218160E4
:1099D00040F20C00C2F200008160FFE72CE50000BD
:1099E00080B582B001900198018841800198806A19
:1099F0000068406A01990880019801884088081A27
:109A00000090009846F66151884206DBFFE7009817
:109A10004FF6FF71401A00900EE0009849F29F2126
:109A2000CFF6FF71884206DCFFE700984FF6FF7122
:109A300008440090FFE7FFE70098F6F7CBFD002110
:109A4000C4F2B431F6F7EAFB44F20001C4F21C712F
:109A5000F6F716FC0021C4F2C821F6F7DFFB0199E6
:109A6000486002B080BD000080B584B040F2545020
:109A7000C2F20000016803900846F6F7B9FD40F213
:109A80000C01C2F20001CA691044C8610398406821
:109A90000291F6F7ADFD40F23801C2F20001CA6949
:109AA0001044C8610298C26901911146FDF7F0FCAB
:109AB0000198C169FDF7ECFC04B080BD80B586B0AB
:109AC00001468DF816009DF8160040F001000022B6
:109AD00004901046049A0391114600F041FDF7F7F7
:109AE000C5F940F26621C2F200010880FFE71320A9
:109AF00000F0E0F8400700281ED1FFE740F25C20AC
:109B0000C2F200000088012815DBFFE7F7F7AEF985
:109B100080B240F26621C2F200010988401A40F288
:109B20005C21C2F200010988884204DDFFE70020C1
:109B30008DF817000EE0DAE70B200121029100F00A
:109B40000FFD00200190019900F00AFD02988DF8A8
:109B50001700FFE79DF8170006B080BDB0B588B0CC
:109B6000134684468DF81F0006918DF8172040F2A9
:109B70000800C2F20000007840F001019DF81F20AB
:109B800006989DF817E06C466425A560C4F804E0CB
:109B9000206040F2F010C2F200004FF0010E04937A
:109BA0007346CDF80CC0F7F79FFD40F2C041C2F2FA
:109BB0000001087008B0B0BD80B586B00490F7F71A
:109BC00055F940F26621C2F200010880FFE7132038
:109BD00000F070F84007002825D1FFE740F25C2034
:109BE000C2F20000008801281CDBFFE7F7F73EF90E
:109BF00080B240F26621C2F200010988401A40F2A8
:109C00005C21C2F20001098888420BDDFFE740F2C7
:109C10005E20C2F20000012101704FF6FF70ADF826
:109C2000160042E0D3E70498002806D1FFE71E2083
:109C300000F078F8ADF802002EE0142001A90C2203
:109C4000FFF78CFF9DF80400C008049908729DF886
:109C500006009DF8071041EA00200499C8809DF88D
:109C60000A009DF80B1041EA0020049948809DF8F5
:109C70000C009DF80D1041EA0020049988809DF8A1
:109C80000E009DF80F1041EA0020ADF80200BDF86B
:109C9000020004990880FFE70B20012100F060FC1E
:109CA000BDF80200ADF81600FFE7BDF8160006B0DB
:109CB00080BD000080B588B001468DF81F0040F2DD
:109CC0000800C2F20000007840F001009DF81F205B
:109CD0006B464FF0640CC3F808C04FF0010CC3F89A
:109CE00004C040F2E44EC2F2000EC3F800E040F2BD
:109CF000F013C2F2000306901846069B0591194620
:109D00006346CDF810E0F7F7EFFC40F2C041C2F235
:109D100000010870049801788DF81E109DF81E004F
:109D200008B080BD80B588B001468DF81F0040F2B4
:109D30000800C2F20000007840F001009DF81F20EA
:109D40006B464FF0640CC3F808C04FF0020CC3F828
:109D500004C040F2E44CC2F2000CC3F800C040F270
:109D6000F013C2F200034FF0010E06901846069B56
:109D7000059119467346CDF810C0F7F7B5FC40F2CF
:109D8000C041C2F20001087004980188ADF81C10AF
:109D9000BDF81C0008B080BD80B594B012904FF49F
:109DA000A560ADF826004FF47070ADF824004FF4B4
:109DB0002570ADF8220040F24E21ADF8201040F29F
:109DC000B221ADF81E10ADF81C0040F22620ADF80F
:109DD0001A0044F620600590129844F61F618842EC
:109DE00004D8FFE700208DF84F007BE040F6E80044
:109DF000049010A80190FEF737FB0AA90198FEF71E
:109E00005BFB9DF84000002807D0FFE70D98049900
:109E1000084400F24E200490FFE79DF8420000281D
:109E200008D0FFE70D98049901EB400000F2645060
:109E300004900CE09DF84100002807D0FFE70D9842
:109E40000499084400F525700490FFE7FFE79DF8AA
:109E50004300002807D0FFE70E980499084400F556
:109E600025700490FFE79DF84400002836D0FFE7F6
:109E7000049800F22620049004981299884204D98C
:109E8000FFE700208DF84F002CE012980499401A4B
:109E9000039003989DF82A1000F066FAADF80A00C6
:109EA0009DF84300002808D0FFE7BDF82E00BDF85C
:109EB0000A100844ADF80A00FFE7BDF80A00FDF7F4
:109EC00075FB712100900846009900F07DFB129807
:109ED00040F26021C2F200010860FFE701208DF826
:109EE0004F00FFE79DF84F0014B080BD80B584B0EF
:109EF00003900398C168008A0122029008460299E3
:109F0000F6F79AFF03984169008B002201900846FA
:109F10000199F6F791FF04B080BD000080B584B0D0
:109F200003900398C168008A0022029008460299B3
:109F3000F6F782FF03984169008B012201900846E1
:109F40000199F6F779FF04B080BD000080B584B0B8
:109F5000014602900298002201911146F6F7F5FAA7
:109F6000002810D1FFE70298F6F75BFB47F2A40246
:109F7000C0F63D224FF6D773C4F27F03F6F70FFB0E
:109F8000002804D1FFE700208DF80F0010E00298B0
:109F90004FF08641F6F742F9F6F72AFB442100908C
:109FA0000846009900F010FB01208DF80F00FFE734
:109FB0009DF80F0004B080BD80B5A0B00A460346EE
:109FC0008DF87E008DF87D109DF87D004FF0FF31FB
:109FD00001EB50008DF87C001DA814901392129391
:109FE000FEF742FA17A91498FEF766FA9DF87E006C
:109FF00000285BD1FFE79DF87D000C38014606285C
:10A0000011911AD81199DFE801F0041809180E18F7
:10A0100013005720182100F0A3FA12E05720302136
:10A0200000F09EFA0DE05720402100F099FA08E078
:10A030005720502100F094FA03E000208DF87F00B3
:10A0400015E15620082100F08BFA9DF87C10502075
:10A0500000F086FA1B989DF87D1000F085F9ADF8A8
:10A060005A00BDF85A00FDF7A1FA51211090084698
:10A07000109900F0A9FA1A989DF87D1000F074F973
:10A08000ADF85800BDF85800B0F5807F03DDFFE75C
:10A09000FF200F9004E0BDF8580001380F90FFE753
:10A0A0000F98C1B2462000F05BFABFE09DF87E0039
:10A0B000012840F0B680FFE79DF87D000838014692
:10A0C00006280E9100F285800E99DFE801F00482E7
:10A0D0002382428262004820102100F041FA47208A
:10A0E000082100F03DFA3220022100F039FA302038
:10A0F0000C210D9000F034FAFF2001210C9000F0AB
:10A100002FFA0D980D9900F02BFA00210C9800F011
:10A1100027FA62E04820282100F022FA472008218F
:10A1200000F01EFA3220032100F01AFA3020092133
:10A130000B9000F015FAFF2001210A9000F010FAB0
:10A1400020210B9800F00CFA00210A9800F008FA80
:10A1500043E04820382100F003FA47200821099104
:10A1600000F0FEF93220032100F0FAF930200890C7
:10A17000099900F0F5F9FF200121079000F0F0F9AE
:10A180002021089800F0ECF90021079800F0E8F988
:10A1900023E048200690069900F0E2F947200821C4
:10A1A00000F0DEF93220032100F0DAF93020072137
:10A1B000059000F0D5F9FF200121049000F0D0F9BE
:10A1C0002021059800F0CCF90021049800F0C8F98E
:10A1D00003E000208DF87F0049E09DF87C1070209E
:10A1E00000F0BEF91C989DF87D1000F0BDF8ADF8A8
:10A1F00056009DF87700002808D0FFE7BDF8620000
:10A20000BDF856100844ADF85600FFE7BDF85600FB
:10A21000FDF7CCF9712103900846039900F0D4F9B9
:10A2200003E000208DF87F0021E0FFE740F260208E
:10A23000C2F200000068FFF7AFFD0121029008465E
:10A240000191FFF737FD8DF855000221019800F0CC
:10A2500087F90020FFF732FC9DF85510019A009015
:10A26000104600F07DF901988DF87F00FFE79DF81A
:10A270007F0020B080BD000080B588B007908020AE
:10A2800001210590049100F06BF9FF2003900499DF
:10A2900000F066F900200290029900F061F940F2A6
:10A2A0006420C2F200000178912000F059F9029870
:10A2B000049900F055F90398029900F051F90598B6
:10A2C000029900F04DF9079800281AD0FFE7F8200E
:10A2D000FFF728FDADF81A00BDF81A00002806D0D7
:10A2E000FFE7BDF81A00079948430790FFE7079971
:10A2F0000420019000F09AF90020019900F030F953
:10A3000004E00020022100F02BF9FFE708B080BD37
:10A3100080B583B00A460346ADF80A008DF80910EF
:10A320009DF8090043F62F2148434FF4FA7101EBE1
:10A33000002044F6D351C1F26201A0FB010C4FEAA8
:10A340009C1CCDF804C0BDF80AC0DDF804E00CFB8D
:10A350000EFC0CEB5E0CACFB011C4FEA9C1C00904D
:10A36000604603B080BD000084B00A4603908DF8BB
:10A370000B109DF80B0043F62F2148434FF4FA7160
:10A3800001EB002044F6D351C1F26201A0FB0101B0
:10A390008909019103994FF47A735943019B01EBA9
:10A3A0005301B1FBF3F10090084604B07047000080
:10A3B00080B584B040F2F010C2F2000040F2682193
:10A3C000C2F20001542203900292F5F7ABFE40F274
:10A3D000D610C2F20000018840F2D812C2F2000288
:10A3E000118040F2D411C2F200010A88028040F2CA
:10A3F0006050C2F200000191FFF7DEFB0199088076
:10A4000040F2BC21C2F200010398029AF5F78AFEDD
:10A4100040F2DC10C2F20000018840F2DE12C2F20B
:10A420000002118040F2DA11C2F200010A880280B3
:10A4300040F26A50C2F200000091FFF7BDFB0099A4
:10A44000088004B080BD000080B590B040F2682163
:10A45000C2F2000101200F90FEF748F90021C4F27A
:10A460007A310E9008460D91FFF770FD00211222FF
:10A470000C9008460B9111460A92FFF79DFD0F992B
:10A48000099008460A99FFF797FD4EF23061C0F235
:10A490000201089008460791FFF77EFC0B99069091
:10A4A0000846FFF7E9FE1420F6F7F4FA40F2BC2163
:10A4B000C2F200010F98FEF719F90D9905900846B0
:10A4C000FFF744FD0B99049008460A99FFF774FDC5
:10A4D0000F99039008460A99FFF76EFD07990290BD
:10A4E0000846FFF759FC0B9901900846FFF7C4FE98
:10A4F00010B080BDB0B58AB0134684468DF82700F1
:10A5000008918DF81F200898006840F2E441C2F2DB
:10A510000001086040F20800C2F2000000789DF8D7
:10A5200027209DF81FE06C466425A560C4F804E070
:10A53000216040F2F011C2F200014FF0010E0690CE
:10A540000846069905937346CDF810C0F7F74EFB01
:10A5500040F2C041C2F2000108700AB0B0BD000074
:10A5600010B588B00A4603468DF81F008DF81E10FE
:10A570009DF81E0040F2E441C2F20001087040F272
:10A580000800C2F2000000789DF81FC0EE46642467
:10A59000CEF808400124CEF80440CEF8001040F276
:10A5A000F011C2F200010690084606990592624633
:10A5B00004932346F7F71AFB40F2C041C2F20001B0
:10A5C000087008B010BD000010B586B00A460346FA
:10A5D0008DF81700ADF8141040F2E440C2F200000C
:10A5E000BDF81410018040F20801C2F200010978A0
:10A5F0009DF817C0EE466424CEF808400224CEF839
:10A600000440CEF8000040F2F010C2F200004FF01B
:10A61000010E0492624603937346F7F7E7FA40F29D
:10A62000C041C2F20001087006B010BD80B586B00E
:10A6300002468DF81700049140F2E440C2F2000097
:10A640000499016040F20801C2F2000109789DF806
:10A650001730EC464FF0640ECCF808E04FF0040ED3
:10A66000CCF804E0CCF8000040F2F010C2F2000098
:10A670004FF0010C03921A466346F7F7B7FA40F21F
:10A68000C041C2F20001087006B080BD02E008C8F7
:10A69000121F08C1002AFAD170477047002001E05C
:10A6A00001C1121F002AFBD170470000000000000A
:10A6B000000001020304060708090000000001026F
:10A6C000030402030405060708090A0B0C0D0E0F0C
:10A6D00010100102F8A6000800000020F0010000A0
:10A6E0003008000898A70008F001002008080000C2
:10A6F0009CA6000800000000420113127A021052CA
:10A70000140C01405A100862204BA0030A5A10088A
:10A71000B92C5A80088A402C32041A58082964201F
:10A720000D0AD7A33C0AD7233D6F12833A1BFA4385
:10A7300004180AC3CDCC0C419A99193E1C223B1B2C
:10A740007A44041AC40C2A3D2C49284914280D8F38
:10A75000C2F53DCDCCCC3D17B7D13854F1324F0ABC
:10A7600035CF14012FCB7AC4040B14C8420439B876
:10A770009904011229E049E4C90C092224690C69F1
:10A7800004CB01FF02118A20021008FFAA52FFAA7F
:08A790008101721000000000BD
:04000005080000ED02
:00000001FF
